id,youtube-id,region
abelokoutsoura,Zy8tjrTf4sg,Aegean-sea
adramytiano-zeimbekiko-2,mp1pK6b1Oho,Aegean-sea
afino-geia-sti-geitonia,6ZDyC-wpRXM,Macedonia
afta-ta-oraia-matia-sou,t60GoECE0p8,Ionian-sea
aftalikos-2,J-PqcxTXtp4,Aegean-sea
aganta-gialessa-tsimarista-disticha,-Lae0QmE15A,Aegean-sea
agapiso,l2gUntzxeVc,Southern-Italy
agapo-mia-pantremeni,5fJXkyrSxo4,Asia-minor
agia-mou-panagia-mou,mp1pK6b1Oho,Aegean-sea
agia-paraskevi-mou,jpktBKou-_E,Aegean-sea
agiothodoritiko,GIOAt5GHt3I,Central-Greece
agouros,GIOAt5GHt3I,Thessaly
agouros-petra-pelekaei,6bLFhgwoKsY,Peloponnese
ai-nigias,jpktBKou-_E,Aegean-sea
aidin,g4hypPA6D9Y,Macedonia
aidinikos-choros,vd8WTrc12Uo,Asia-minor
ainte-min-to-vazeis-sto-gyali,gMz1OBS9FlQ,Macedonia
ainte-mor-milia,UaYoyQPZEuo,Epirus
ainte-mor-milia-sygkathistos,ifRo_Z05kuQ,Epirus
aintes-oples,-YUXPO1BSRw,Asia-minor
aivali,-YUXPO1BSRw,Asia-minor
aivaliotiko-2,Zy8tjrTf4sg,Asia-minor
aivaliotiko-zeibekiko,-YUXPO1BSRw,Asia-minor
aivaliotiko-zeibekiko-2,jpktBKou-_E,Asia-minor
akrogialies-deilina,tzCMruLs9bM,Mainland-Greece
ala-routza-peismatika-disticha,-Lae0QmE15A,Aegean-sea
alabeis,GIOAt5GHt3I,Epirus
alatsatiani,-YUXPO1BSRw,Asia-minor
alexandriani-felacha,-YUXPO1BSRw,Asia-minor
ali-pasas,TpK-XXFl51o,Asia-minor
aliti-m-eipes-mia-vradia,YEPmaDr_UMA,Mainland-Greece
alvania,UaYoyQPZEuo,Epirus
aman-katerina-mou,5fJXkyrSxo4,Asia-minor
aman-ntoktor,g4hypPA6D9Y,Asia-minor
amanes,mp1pK6b1Oho,Aegean-sea
amanes-2,YEPmaDr_UMA,Asia-minor
amanes-otan-tis-nychtes-perpato,-YUXPO1BSRw,Asia-minor
amanes-paraponiara-mou-kardia,-YUXPO1BSRw,Asia-minor
amarantos-vasilis-saleas,G9DwnuVgsVs,Central-Greece
amariotikes-kontylies-pentozalis,4mMJSlECbh4,Crete
amygdalaki-tsakisa,5z-ZGft2zCI,Aegean-sea
an-den-pernas-ki-an-den-pernas,5fJXkyrSxo4,Asia-minor
anastasia-kalamatianos,-Lae0QmE15A,Aegean-sea
anathema-ton-aitio,mp1pK6b1Oho,Aegean-sea
anathema-ton-chrysiko,6bLFhgwoKsY,Peloponnese
andra-mou-paei,l2gUntzxeVc,Southern-Italy
aneforitsa,VmaUraZpvI8,Pontus
aneforitssa,LL6pe_UtAe0,Pontus
anevika-sti-piperia,pxhw04LZhiY,Mainland-Greece
angelokamomeni-mou,YEPmaDr_UMA,Mainland-Greece
anoixan-ta-dentra-oula,5z-ZGft2zCI,Macedonia
anoixi-bainei-sto-chorio,lBs4PyiRsIY,Crete
antra-mou-paei,fooYiNew79E,Southern-Italy
ap-tis-zeas-to-limani,IzjFkYASGbY,Mainland-Greece
apo-ta-glyka-sou-matia,5fJXkyrSxo4,Asia-minor
apo-ta-glyka-sou-matia-2,5fJXkyrSxo4,Asia-minor
apo-tin-patra-erchomai,6bLFhgwoKsY,Peloponnese
apo-xeno-topo-syrtos,-YUXPO1BSRw,Asia-minor
apochairetismos,lBs4PyiRsIY,Mainland-Greece
apopse-eisai-gia-fili,zkoqg3VRVLA,Mainland-Greece
apopse-kaneis-bam,pxhw04LZhiY,Mainland-Greece
apopse-sti-mikri-ti-geitonia-sou,vd8WTrc12Uo,Mainland-Greece
apopse-sto-diko-sou-machala,pxhw04LZhiY,Mainland-Greece
apopse-sto-diko-sou-mahala,Dd0IreIlLJE,Mainland-Greece
apopse-sto-spitaki-mou,FXS9jCtkFLk,Mainland-Greece
apopse-ta-matakia-sou-kathistiko,wFOvhBpFM1o,Epirus
apopse-ta-mesanychta,ozHAP8gMIY8,Euboea
apopse-tha-rtho-na-sta-psallo,YEPmaDr_UMA,Mainland-Greece
aprili-m-drosere,5z-ZGft2zCI,Central-Greece
aptaliko,g4hypPA6D9Y,Asia-minor
aptalikos,5z-ZGft2zCI,Asia-minor
arachova-salona,G9DwnuVgsVs,Central-Greece
aradeo,fooYiNew79E,Southern-Italy
arakne-tarantela,l2gUntzxeVc,Southern-Italy
arap-saz-semaisi,g4hypPA6D9Y,Asia-minor
arap-sousta,J-PqcxTXtp4,Aegean-sea
arap-sousta-amorgou,jpktBKou-_E,Aegean-sea
arapiko-louloudi,tzCMruLs9bM,Mainland-Greece
archangelitikos,4mMJSlECbh4,Aegean-sea
are-mou-ridineddha,k_U5rTSHIMo,Southern-Italy
are-mou-rindineddha-mou,l2gUntzxeVc,Southern-Italy
argon-tik,VmaUraZpvI8,Pontus
argyroula,6bLFhgwoKsY,Peloponnese
aristeidis,GIOAt5GHt3I,Central-Greece
arkadiani-2,o4XzhbCL0QM,Peloponnese
aroma,fooYiNew79E,Crete
arrostisa-sta-xena-markos-vamvakaris,L3fe3KGksU8,Mainland-Greece
artemonas,5z-ZGft2zCI,Aegean-sea
arvanitiko,8gH9iexkXME,Central-Greece
arvanitiko-2,ifRo_Z05kuQ,Epirus
arvanitovlachiko-vaios-malliaras,G9DwnuVgsVs,Epirus
as-chamilonan-ta-vouna-2,5z-ZGft2zCI,Macedonia
as-to-cheraki-sou,VrnG_gxNwH8,Mainland-Greece
as-tragoudiso-ki-as-charo,Zy8tjrTf4sg,Aegean-sea
asimenia-alysida,ifRo_Z05kuQ,Epirus
aska-kaleddha-mou-2,l2gUntzxeVc,Southern-Italy
aspra-mou-poulia,FXS9jCtkFLk,Mainland-Greece
aspra-mou-poulia-2,8gH9iexkXME,Epirus
astasiara-nou-ntournii-apopse-den-koimithika-metsovitikos,wFOvhBpFM1o,Epirus
astero,vd8WTrc12Uo,Mainland-Greece
ataris,-YUXPO1BSRw,Asia-minor
ateleioto,zkoqg3VRVLA,Mainland-Greece
atsapat-serra,VmaUraZpvI8,Pontus
aziza,g4hypPA6D9Y,Egypt
aziza-2,k_U5rTSHIMo,Egypt
baino-mes-st-abeli-berati,5z-ZGft2zCI,Thessaly
bairatse,dIqJ-N3_Tso,Macedonia
balaristos-mykonou,5z-ZGft2zCI,Aegean-sea
balatsos,niplI7Bv-30,Epirus
baletes,t60GoECE0p8,Ionian-sea
balos,ozHAP8gMIY8,Euboea
balos-2,5z-ZGft2zCI,Aegean-sea
balos-3,5z-ZGft2zCI,Aegean-sea
balos-4,jpktBKou-_E,Aegean-sea
balos-5,jpktBKou-_E,Aegean-sea
balos-6,jpktBKou-_E,Aegean-sea
balos-ko,CJ7m2WduEh8,Aegean-sea
barbouni-mou,lBs4PyiRsIY,Crete
barbouni-mou-thalassino,mp1pK6b1Oho,Aegean-sea
bate-koritsia-sto-choro,ozHAP8gMIY8,Euboea
beikos,lBs4PyiRsIY,Asia-minor
berat-kos-cheimadiotikos,ozHAP8gMIY8,Euboea
berati,gMz1OBS9FlQ,Macedonia
berati-2,dIqJ-N3_Tso,Macedonia
berati-3,6ZDyC-wpRXM,Epirus
berati-4,ifRo_Z05kuQ,Epirus
beratia,6ZDyC-wpRXM,Thessaly
bir-allach,tzCMruLs9bM,Mainland-Greece
birbilomata,ozHAP8gMIY8,Euboea
biro-gianno,ozHAP8gMIY8,Euboea
bizerisa-mor-mana,8gH9iexkXME,Thessaly
bochoris,TpK-XXFl51o,Asia-minor
bochoris-2,VrnG_gxNwH8,Mainland-Greece
boemis,vd8WTrc12Uo,Mainland-Greece
bourdarikos,jpktBKou-_E,Aegean-sea
bournova-me-krya-nera,TpK-XXFl51o,Asia-minor
bournovalios-manes,g4hypPA6D9Y,Asia-minor
bournovas,5fJXkyrSxo4,Asia-minor
boutzalia,TpK-XXFl51o,Asia-minor
bros-sta-kleista-parathyra,YEPmaDr_UMA,Mainland-Greece
bukura-more-arvanites-kato-italias,l2gUntzxeVc,Southern-Italy
cecen-kizi,6ZDyC-wpRXM,Asia-minor
chalai,VmaUraZpvI8,Pontus
chalai-2,i6kJdvFwCoA,Pontus
chariklaki,-YUXPO1BSRw,Mainland-Greece
chasapia,5z-ZGft2zCI,Macedonia
chasapikos-beikos,TpK-XXFl51o,Asia-minor
chatzikyriakeio,IzjFkYASGbY,Mainland-Greece
chavadia,UaYoyQPZEuo,Epirus
cheimariotiko,GIOAt5GHt3I,Epirus
cheimariotiko-2,ifRo_Z05kuQ,Epirus
chilia-kalos-orisate,Zy8tjrTf4sg,Euboea
chiotissa-pergamos,e5WVqHyTui4,Asia-minor
chitzaz-mantilatos-thrakis,e5WVqHyTui4,Thrace
chopa-chopa,LL6pe_UtAe0,Pontus
chora,5z-ZGft2zCI,Central-Greece
chora-2,TpK-XXFl51o,Romania
chora-4,6ZDyC-wpRXM,Mainland-Greece
chora-agiasou,jpktBKou-_E,Aegean-sea
chora-tou-giantzou,g4hypPA6D9Y,Romania
chorefte-dyo-mou-matia,jpktBKou-_E,Aegean-sea
chorepse-xene,fooYiNew79E,Southern-Italy
chores,GIOAt5GHt3I,Romania
choros-agkaliastos,e206O9UMfN0,Crete
choros-geronton,t60GoECE0p8,Ionian-sea
choros-gkainta,6ZDyC-wpRXM,Macedonia
choros-issos,-Lae0QmE15A,Aegean-sea
choros-issos-painemata,-Lae0QmE15A,Aegean-sea
choros-michanikos,-Lae0QmE15A,Aegean-sea
choros-priniotaki,e206O9UMfN0,Crete
choros-roditikos,-Lae0QmE15A,Aegean-sea
choros-romvia,5fJXkyrSxo4,Asia-minor
choros-samiotikos,-Lae0QmE15A,Aegean-sea
choros-sia-siganos-kefalou,CJ7m2WduEh8,Aegean-sea
choros-sianos,CJ7m2WduEh8,Aegean-sea
choros-thymariotikos,-Lae0QmE15A,Aegean-sea
chortarakia-apo-to-livadi,6bLFhgwoKsY,Peloponnese
chouzam,jpktBKou-_E,Aegean-sea
christodoulos,dIqJ-N3_Tso,Macedonia
chronia-ston-peraia,IzjFkYASGbY,Mainland-Greece
ciftilareasa,TpK-XXFl51o,Romania
ciuri-ciuri,k_U5rTSHIMo,Southern-Italy
cosimino,fooYiNew79E,Southern-Italy
den-akous-peristerouda-mou-kalanta-thrakis-sygkathistos,fooYiNew79E,Thrace
den-boro-na-katalavo,wFOvhBpFM1o,Epirus
den-m-agapas,tzCMruLs9bM,Mainland-Greece
den-pao-pia-ston-galata,TpK-XXFl51o,Asia-minor
deropolitissa,ifRo_Z05kuQ,Epirus
detos-tou-xenitemenou,J-PqcxTXtp4,Aegean-sea
dimitrakis,gMz1OBS9FlQ,Macedonia
dimitrakis-2,UaYoyQPZEuo,Macedonia
dimitroula,-YUXPO1BSRw,Mainland-Greece
dimitroula-mou,pxhw04LZhiY,Mainland-Greece
dipat,LL6pe_UtAe0,Pontus
diplon-omal,LL6pe_UtAe0,Pontus
diplon-tik,LL6pe_UtAe0,Pontus
disticha,i6kJdvFwCoA,Pontus
disticha-tis-tavlas,t60GoECE0p8,Ionian-sea
dolap,k_U5rTSHIMo,Egypt
drakoulas-sevntalis,TpK-XXFl51o,Asia-minor
drapetsonitissa,vd8WTrc12Uo,Mainland-Greece
driminitsa,tbbAWeVEHFQ,Epirus
driminitsa-2,8gH9iexkXME,Epirus
dyo-dyo,UaYoyQPZEuo,Epirus
dyo-poulakia-ta-kaimena,k_U5rTSHIMo,Thrace
echasa-mantili-sygkathistos,gMz1OBS9FlQ,Macedonia
eche-geia-panta-geia,5z-ZGft2zCI,Asia-minor
echeis-kormi-arapiko,pxhw04LZhiY,Mainland-Greece
ederlezi-2,VrnG_gxNwH8,Mainland-Greece
edo-ein-aloni-gia-choro,FXS9jCtkFLk,Mainland-Greece
edo-s-afti-ti-geitonia,dIqJ-N3_Tso,Macedonia
ego-eimai-i-vlacha-i-emorfi,wFOvhBpFM1o,Epirus
ego-imouna-t-antiklaro,FXS9jCtkFLk,Mainland-Greece
ego-tha-paro-dyo,ozHAP8gMIY8,Euboea
ego-thelo-prigkipessa,IzjFkYASGbY,Mainland-Greece
eikosiena,i6kJdvFwCoA,Pontus
einai-arga-poly-arga,zkoqg3VRVLA,Mainland-Greece
einai-ola-mavra,GQoE6eVqP38,Mainland-Greece
eisai-chtikio-giorgos-mitsakis,L3fe3KGksU8,Mainland-Greece
ela-opos-eisai,pxhw04LZhiY,Mainland-Greece
eleni,8gH9iexkXME,Thessaly
eleni-apo-leivartzi,6bLFhgwoKsY,Peloponnese
eleni-elenara-mou,vd8WTrc12Uo,Mainland-Greece
elies,t60GoECE0p8,Ionian-sea
elli,e5WVqHyTui4,Asia-minor
emeis-edo-den-irthame,o4XzhbCL0QM,Peloponnese
emeis-kala-ton-iyrame,6bLFhgwoKsY,Peloponnese
ena-savvato-vrady,o4XzhbCL0QM,Peloponnese
enan-astron-exeven-choros-dipat,VmaUraZpvI8,Pontus
enas-diavatis-stavros-tzouanakos-kostas-kofiniotis,L3fe3KGksU8,Mainland-Greece
enas-leventis-choreve,FXS9jCtkFLk,Mainland-Greece
englezitsa,jpktBKou-_E,Asia-minor
ennia-chiliades-provata-tsamikos,gMz1OBS9FlQ,Thessaly
epses-propses-eperasa,wFOvhBpFM1o,Epirus
erixa-ta-matakia-mou,FXS9jCtkFLk,Mainland-Greece
erotokritos,t60GoECE0p8,Ionian-sea
erotokritos-3,e206O9UMfN0,Crete
eseis-chelidonakia-mou,o4XzhbCL0QM,Peloponnese
eseis-poulia-petoumena,8gH9iexkXME,Macedonia
esy-pou-serneis-to-choro,5fJXkyrSxo4,Asia-minor
etaire-argyroupolis,VmaUraZpvI8,Pontus
etsertsan-to-kamisi-m-tik-diplon,VmaUraZpvI8,Pontus
etsi-m-aresei-na-glento,vd8WTrc12Uo,Mainland-Greece
etsi-se-thelo-matia-mou,vd8WTrc12Uo,Mainland-Greece
evga-mana-m-kai-chouiaxe,FXS9jCtkFLk,Mainland-Greece
evraiopoula,CJ7m2WduEh8,Aegean-sea
fantazes-san-prigkipessa,IzjFkYASGbY,Mainland-Greece
felaches-glykies,pxhw04LZhiY,Mainland-Greece
fengaroprosopi,g4hypPA6D9Y,Epirus
fengaroprosopi-2,6ZDyC-wpRXM,Epirus
fengaroprosopi-3,UaYoyQPZEuo,Epirus
fexe-mou-fengaraki-mou-2,GIOAt5GHt3I,Central-Greece
fiata-mor-mousiata,UaYoyQPZEuo,Epirus
foras-kainourgia-foresia,GIOAt5GHt3I,Central-Greece
frasia,tbbAWeVEHFQ,Epirus
ftocheia-pou-me-koureliases,tzCMruLs9bM,Mainland-Greece
ftocho-kobologaki-mou,GQoE6eVqP38,Mainland-Greece
fysouni,tbbAWeVEHFQ,Epirus
gaitan,VmaUraZpvI8,Pontus
galata-manes,5fJXkyrSxo4,Asia-minor
gaouristines,CJ7m2WduEh8,Aegean-sea
gargan-i-leilek-choronou,i6kJdvFwCoA,Pontus
gastouriotikos,t60GoECE0p8,Ionian-sea
geia-sou-peiraia-athanate,IzjFkYASGbY,Mainland-Greece
gela-agapa-kai-tragouda,dIqJ-N3_Tso,Mainland-Greece
genovefa-tasos-chalkias,G9DwnuVgsVs,Epirus
gia-ides-pervolin,Dd0IreIlLJE,Crete
gia-mia-fora-ein-i-leventia,niplI7Bv-30,Epirus
gia-mia-vradia-syrtos,wFOvhBpFM1o,Epirus
gia-mia-xanthoula,YEPmaDr_UMA,Mainland-Greece
giaeli,4mMJSlECbh4,Aegean-sea
giala-choros-isos,5z-ZGft2zCI,Aegean-sea
giann-kostas,niplI7Bv-30,Epirus
giannos-ti-maro-thelei,FXS9jCtkFLk,Thrace
giar-giar-2,jpktBKou-_E,Aegean-sea
giaroubi,-YUXPO1BSRw,Asia-minor
giati-allaxes-giati-stelios-keromytis-kostas-manesis,L3fe3KGksU8,Mainland-Greece
giati-einai-mavra-ta-vouna,niplI7Bv-30,Epirus
giorgitsa,-YUXPO1BSRw,Asia-minor
giorgitsa-2,6ZDyC-wpRXM,Asia-minor
gioula,6bLFhgwoKsY,Peloponnese
gioulia,GIOAt5GHt3I,Central-Greece
giourvalantoum,i6kJdvFwCoA,Pontus
gkainta-arvanitiki,g4hypPA6D9Y,Mainland-Greece
gkainta-dipli,ifRo_Z05kuQ,Epirus
gkainta-manolis-papageorgiou,G9DwnuVgsVs,Macedonia
gkainta-moni,ifRo_Z05kuQ,Epirus
gkioumia,gMz1OBS9FlQ,Macedonia
gkiouzen-oglan,VrnG_gxNwH8,Asia-minor
gkolfo,niplI7Bv-30,Epirus
glenta-kaimeni-mou-kardia,6bLFhgwoKsY,Peloponnese
glentate-kosme-ti-zoi,8gH9iexkXME,Aegean-sea
glentzes,TpK-XXFl51o,Asia-minor
glykia-mou-poli,5fJXkyrSxo4,Asia-minor
glyko-parapono-2,VrnG_gxNwH8,Mainland-Greece
gramma,l2gUntzxeVc,Southern-Italy
grava,tbbAWeVEHFQ,Epirus
grigoros-xechoristos,gMz1OBS9FlQ,Macedonia
gyalo-gyalo,8gH9iexkXME,Epirus
gyrisma-kari-bati,gMz1OBS9FlQ,Macedonia
gyrisma-more-psili-more-ligni,wFOvhBpFM1o,Epirus
i-agapi-sou-m-aresei,5z-ZGft2zCI,Aegean-sea
i-evgenoula-i-omorfi,4mMJSlECbh4,Macedonia
i-gkarsona,pxhw04LZhiY,Mainland-Greece
i-kota-vasilis-saleas,G9DwnuVgsVs,Central-Greece
i-lafina-dioxe-me-mana,G9DwnuVgsVs,Central-Greece
i-parastratimeni-2,tzCMruLs9bM,Mainland-Greece
i-perdika,UaYoyQPZEuo,Epirus
i-proti-agapi-sou,GQoE6eVqP38,Mainland-Greece
i-rima-tis-katastrofis-tis-chiou,J-PqcxTXtp4,Aegean-sea
i-trata,Zy8tjrTf4sg,Euboea
i-valitsa,zkoqg3VRVLA,Mainland-Greece
i-varka-tou-koutsouradi,CJ7m2WduEh8,Aegean-sea
i-vergo,o4XzhbCL0QM,Peloponnese
i-vrisi-ton-pegiotisson,Dd0IreIlLJE,Cyprus
i-xaveriotissa,IzjFkYASGbY,Mainland-Greece
ikariotikos,5z-ZGft2zCI,Aegean-sea
ilie-mou-kai-an-kaneis-ilio,FXS9jCtkFLk,Mainland-Greece
ilios,o4XzhbCL0QM,Peloponnese
ilios-2,g4hypPA6D9Y,Central-Greece
ipeirotika-gyrismata,g4hypPA6D9Y,Epirus
irth-o-kairos-na-fygoume,FXS9jCtkFLk,Epirus
irth-o-kairos-na-fygoume-2,ifRo_Z05kuQ,Epirus
kadikoylu,5fJXkyrSxo4,Turkey
kagkelaris,5z-ZGft2zCI,Epirus
kai-ti-tragoudi-na-vroume,fooYiNew79E,Thrace
kai-tou-christou-sto-synoro,fooYiNew79E,Thrace
kaigomai-kaigomai,tzCMruLs9bM,Mainland-Greece
kainourgia-logia,g4hypPA6D9Y,Epirus
kainourgia-logia-2,6ZDyC-wpRXM,Central-Greece
kalamatianos,G9DwnuVgsVs,Peloponnese
kalanta-encardia,fooYiNew79E,Southern-Italy
kalanta-ipeirou,fooYiNew79E,Epirus
kalanta-kritis,fooYiNew79E,Crete
kalanta-thrakis-xanthi,fooYiNew79E,Thrace
kalarfistikos,4mMJSlECbh4,Aegean-sea
kale-sy-panagia-mou-2,5z-ZGft2zCI,Aegean-sea
kale-sy-panagia-mou-4,VrnG_gxNwH8,Asia-minor
kali-kardia-kalo-krasi,YEPmaDr_UMA,Mainland-Greece
kalimerisma,-Lae0QmE15A,Aegean-sea
kalinifta,l2gUntzxeVc,Southern-Italy
kalomoira-chasapikos,J-PqcxTXtp4,Aegean-sea
kalon-koritsin,VmaUraZpvI8,Pontus
kalos-mas-irthe-i-anoixi-syrto-sta-tria,wFOvhBpFM1o,Epirus
kalosorisma,t60GoECE0p8,Ionian-sea
kalymniki-sousta,-Lae0QmE15A,Aegean-sea
kanakaris,e206O9UMfN0,Crete
kapoia-mana-anastenazei,tzCMruLs9bM,Mainland-Greece
kapoia-mana-anastenazei-vasilis-tsitanis-babis-bakalis,L3fe3KGksU8,Mainland-Greece
karaberia,ifRo_Z05kuQ,Epirus
karagkouna,5z-ZGft2zCI,Thessaly
karagkouna-2,8gH9iexkXME,Epirus
karapataki,8gH9iexkXME,Epirus
karapataki-2,UaYoyQPZEuo,Macedonia
karapataki-kostas-fillipou,G9DwnuVgsVs,Epirus
karapiperim,pxhw04LZhiY,Mainland-Greece
kardia-paraponiara,tzCMruLs9bM,Mainland-Greece
kardiokleftra,TpK-XXFl51o,Asia-minor
kardiokleftra-2,k_U5rTSHIMo,Mainland-Greece
kare-bate-noaptia-poios-chtypa-ti-nychta-sygkathistos,wFOvhBpFM1o,Epirus
karotseri-trava,pxhw04LZhiY,Mainland-Greece
karotseris,jpktBKou-_E,Aegean-sea
karsilamas-2,tbbAWeVEHFQ,Asia-minor
karsilamas-3,-Lae0QmE15A,Aegean-sea
karsilamas-4,jpktBKou-_E,Aegean-sea
karsilamas-5,i6kJdvFwCoA,Pontus
karsilamas-6,Zy8tjrTf4sg,Asia-minor
karsilamas-lesvou,e5WVqHyTui4,Aegean-sea
karsilamas-vasilis-saleas,G9DwnuVgsVs,Mainland-Greece
katergara-eirini,TpK-XXFl51o,Asia-minor
katifes,g4hypPA6D9Y,Asia-minor
kato-ap-to-svisto-fanari,GQoE6eVqP38,Mainland-Greece
kato-sta-exi-marmara,UaYoyQPZEuo,Epirus
kato-sta-lemonadika,IzjFkYASGbY,Mainland-Greece
kato-sta-perivolia,vd8WTrc12Uo,Mainland-Greece
kato-stin-aspri-plaka,niplI7Bv-30,Epirus
kato-ston-ai-giorgi,t60GoECE0p8,Ionian-sea
kato-ston-ai-sidero,J-PqcxTXtp4,Aegean-sea
katse-ston-kanape-mou-stelios-chrysinis-charalabos-vasileiadis,L3fe3KGksU8,Mainland-Greece
katsivela,GQoE6eVqP38,Mainland-Greece
kavontoritiko-2,Zy8tjrTf4sg,Euboea
kavontoritikos,ozHAP8gMIY8,Euboea
kavontoritikos-2,ozHAP8gMIY8,Euboea
kavousianes-kontylies,lBs4PyiRsIY,Crete
kazaska,i6kJdvFwCoA,Pontus
keino-t-asteri-to-labro-2,GIOAt5GHt3I,Central-Greece
kerasia,t60GoECE0p8,Ionian-sea
kinik,gMz1OBS9FlQ,Macedonia
kinik-2,8gH9iexkXME,Macedonia
kinik-3,UaYoyQPZEuo,Macedonia
kinteria,GIOAt5GHt3I,Thessaly
klamata,g4hypPA6D9Y,Epirus
kleftogiorgis,GIOAt5GHt3I,Peloponnese
kleisane-oi-strates-tou-moria,o4XzhbCL0QM,Peloponnese
klostro,5z-ZGft2zCI,Macedonia
kofto-sygkathistos,wFOvhBpFM1o,Epirus
kolovos-karapataki,gMz1OBS9FlQ,Macedonia
koniali,g4hypPA6D9Y,Asia-minor
koniali-2,4mMJSlECbh4,Asia-minor
koniali-3,5fJXkyrSxo4,Asia-minor
kontoula-leimonia-vasilis-batzis,G9DwnuVgsVs,Epirus
kontoula-vlacha,8gH9iexkXME,Epirus
kontozygono-se-chorio,ozHAP8gMIY8,Euboea
kontrabatzis-tha-gino,jpktBKou-_E,Aegean-sea
kontylies-bouchloubou,e206O9UMfN0,Crete
kontylies-do,e206O9UMfN0,Crete
kontylies-fa,e206O9UMfN0,Crete
kontylies-me-mantolino,e206O9UMfN0,Crete
kontylies-tis-kantadas,e206O9UMfN0,Crete
kontylies-tou-kapsilidi,e206O9UMfN0,Crete
korakianitikos,t60GoECE0p8,Ionian-sea
korasion-etragoudise,gMz1OBS9FlQ,Macedonia
kori-parachaidemeni,vd8WTrc12Uo,Mainland-Greece
kori-poulage-krasi,6ZDyC-wpRXM,Macedonia
koritsia-ti-agnantevete,o4XzhbCL0QM,Peloponnese
kosme-mou,vd8WTrc12Uo,Mainland-Greece
kosta-tasi,wFOvhBpFM1o,Epirus
kotsari,6ZDyC-wpRXM,Pontus
kotsari-2,i6kJdvFwCoA,Pontus
kotsarikars,LL6pe_UtAe0,Pontus
kou-kousitsa-i-plexouda,wFOvhBpFM1o,Epirus
kounichton,LL6pe_UtAe0,Pontus
kourabas,5z-ZGft2zCI,Epirus
kous-es-skounti-ntardene,ozHAP8gMIY8,Euboea
kyratzidiko,8gH9iexkXME,Mainland-Greece
kyratzidiko-2,UaYoyQPZEuo,Epirus
kyratzidiko-kostas-fillippou,G9DwnuVgsVs,Thessaly
kyriarino-merme-moua,ozHAP8gMIY8,Euboea
la-strina,fooYiNew79E,Southern-Italy
labada-mou-grammeni,UaYoyQPZEuo,Epirus
labadoules,GIOAt5GHt3I,Central-Greece
labadoules-kostas-fillipou,G9DwnuVgsVs,Central-Greece
laboun-ta-chionia-sta-vouna,6bLFhgwoKsY,Peloponnese
lagiarni,TpK-XXFl51o,Epirus
lagkadi,t60GoECE0p8,Ionian-sea
lagkadi-2,k_U5rTSHIMo,Ionian-sea
lala-to-aidoni-m,GIOAt5GHt3I,Epirus
lalei-o-koukos-to-vradio,UaYoyQPZEuo,Epirus
lamma-bada,k_U5rTSHIMo,Egypt
lathos-me-ekrines,vd8WTrc12Uo,Mainland-Greece
lathraia-fortomenoi,jpktBKou-_E,Aegean-sea
leli-m-giar,i6kJdvFwCoA,Pontus
lemona,i6kJdvFwCoA,Pontus
leskovikiariko-tasos-chalkias,G9DwnuVgsVs,Epirus
letsi,LL6pe_UtAe0,Pontus
letsina,6ZDyC-wpRXM,Pontus
letsina-2,VmaUraZpvI8,Pontus
letsina-3,i6kJdvFwCoA,Pontus
letsina-kars,LL6pe_UtAe0,Pontus
levantinikos-syrtos-zakynthou,fooYiNew79E,Ionian-sea
leventis-eisai-matia-mou-sygkathistos,gMz1OBS9FlQ,Central-Greece
lianochortaroudia,fooYiNew79E,Thrace
liaskos,tbbAWeVEHFQ,Epirus
liaskos-v-besiris,G9DwnuVgsVs,Epirus
liaskoviki,ifRo_Z05kuQ,Epirus
lingeri,CJ7m2WduEh8,Aegean-sea
lipothymiariko,niplI7Bv-30,Epirus
livadia,dIqJ-N3_Tso,Macedonia
livadiotiko,dIqJ-N3_Tso,Macedonia
livaditopoula,ozHAP8gMIY8,Euboea
livanateiko,g4hypPA6D9Y,Central-Greece
logia-antallaxame,zkoqg3VRVLA,Mainland-Greece
longa-skarveli,Dd0IreIlLJE,Mainland-Greece
longka,k_U5rTSHIMo,Mainland-Greece
loukas,gMz1OBS9FlQ,Macedonia
lygaria-naxou,jpktBKou-_E,Aegean-sea
m-agapas-garoufalia-mou,mp1pK6b1Oho,Aegean-sea
ma-ts-nts-fats-mor-moumanii-ti-mou-kaneis-mor-mana-m,wFOvhBpFM1o,Epirus
mabo-brazileiro,zkoqg3VRVLA,Mainland-Greece
magia,UaYoyQPZEuo,Epirus
magia-mou-cheis-kamomena,ifRo_Z05kuQ,Epirus
magissa-otan-se-filo,YEPmaDr_UMA,Mainland-Greece
makboule,tzCMruLs9bM,Mainland-Greece
makria-esy,-YUXPO1BSRw,Asia-minor
makryn-kaite,VmaUraZpvI8,Pontus
manes-chitzaz,J-PqcxTXtp4,Aegean-sea
manes-fa-mantzore,TpK-XXFl51o,Asia-minor
manes-tis-kalinychtias,VrnG_gxNwH8,Asia-minor
mantalenia,-YUXPO1BSRw,Asia-minor
mantalio-kai-mantalena,5fJXkyrSxo4,Asia-minor
mantilatos,4mMJSlECbh4,Thrace
mantili-kalamatiano-2,6ZDyC-wpRXM,Peloponnese
mantiloudi,6ZDyC-wpRXM,Thrace
marathike-i-kitrolemonia,g4hypPA6D9Y,Central-Greece
margiola,ifRo_Z05kuQ,Epirus
margioliko,GIOAt5GHt3I,Central-Greece
maritsa-vasilis-tsitsanis,L3fe3KGksU8,Mainland-Greece
marousa,5z-ZGft2zCI,Aegean-sea
marousiana,FXS9jCtkFLk,Thessaly
matakia,8gH9iexkXME,Epirus
mavrideroula,5z-ZGft2zCI,Central-Greece
mavro-geraki,6ZDyC-wpRXM,Macedonia
mazemenos-2,jpktBKou-_E,Aegean-sea
mazi-sou-xemyalistika,tzCMruLs9bM,Mainland-Greece
memetis,jpktBKou-_E,Asia-minor
mena-i-mana-mou,GIOAt5GHt3I,Thessaly
menexedes-kai-zouboulia,J-PqcxTXtp4,Asia-minor
menousis-fillipos-rountas,G9DwnuVgsVs,Epirus
mes-ta-varia-mesanychta,e5WVqHyTui4,Mainland-Greece
mes-ti-chasapiki-agora,tzCMruLs9bM,Mainland-Greece
mes-ti-chasapiki-agora-chasapaki,IzjFkYASGbY,Mainland-Greece
mesa-stin-poli-vriskomai,5fJXkyrSxo4,Asia-minor
mesanychta-vatheia,zkoqg3VRVLA,Mainland-Greece
mesaritikos-kithyron,Dd0IreIlLJE,Kythira
metsovitika-gyrismata,UaYoyQPZEuo,Epirus
mia-fora-imouna-pouli,6bLFhgwoKsY,Peloponnese
mia-gynaika-mes-sti-stani,6bLFhgwoKsY,Peloponnese
mia-konti-kontoula,g4hypPA6D9Y,Central-Greece
mia-kori-roda-mazeve,t60GoECE0p8,Ionian-sea
mia-kyriaki-kai-mia-labri,t60GoECE0p8,Ionian-sea
mia-nychta-sto-kastrino-akrogiali,lBs4PyiRsIY,Crete
mia-nychta-sto-pasalimani,IzjFkYASGbY,Mainland-Greece
mia-paschalia-kai-mia-labri,5z-ZGft2zCI,Thrace
mia-poulia-mes-ston-ourano,wFOvhBpFM1o,Epirus
mia-smyrnia-sto-parathyri,CJ7m2WduEh8,Asia-minor
milia,vd8WTrc12Uo,Mainland-Greece
milia-kai-gyrismata-sygkathista,wFOvhBpFM1o,Epirus
militsa-trapezountas,VmaUraZpvI8,Pontus
milon-kokkinon,i6kJdvFwCoA,Pontus
mitraina,o4XzhbCL0QM,Peloponnese
mo-ta-masaira,5fJXkyrSxo4,Asia-minor
moiazeis-ki-esy-sa-thalassa,zkoqg3VRVLA,Mainland-Greece
moiroloi-2,g4hypPA6D9Y,Epirus
moiroloi-4,ifRo_Z05kuQ,Epirus
moiroloi-f-rounta,G9DwnuVgsVs,Epirus
moiroloi-tasou-chalkia,G9DwnuVgsVs,Epirus
moiroloi-v-batzi,G9DwnuVgsVs,Epirus
monos-2-4,LL6pe_UtAe0,Pontus
mor-armna-mor-mousiata-mor-vlacha-emorfi,wFOvhBpFM1o,Epirus
mouriki,dIqJ-N3_Tso,Macedonia
na-cha-krasaki-na-pina,gMz1OBS9FlQ,Macedonia
na-giati-trigyrno,YEPmaDr_UMA,Mainland-Greece
na-tan-o-mais-fthinoporo,6bLFhgwoKsY,Peloponnese
nanourisma,6bLFhgwoKsY,Peloponnese
nasam-aleyna,k_U5rTSHIMo,Lebanon
nea-kolektiva,TpK-XXFl51o,Asia-minor
neiata,g4hypPA6D9Y,Central-Greece
neoi-chasiklides-2,VrnG_gxNwH8,Mainland-Greece
nerantzia-sta-tria,ifRo_Z05kuQ,Epirus
nfloara-gkalbinioara-ena-louloudi-kitrino,wFOvhBpFM1o,Epirus
nihavent-longa,g4hypPA6D9Y,Turkey
niil-vntara-mou-painepsane-metsovitikos,wFOvhBpFM1o,Epirus
nikriz-longka,4mMJSlECbh4,Asia-minor
nikriz-sirto,Dd0IreIlLJE,Asia-minor
nine-nane,l2gUntzxeVc,Southern-Italy
nitsa,dIqJ-N3_Tso,Macedonia
nti-kou-niika,niplI7Bv-30,Epirus
ntirlanta-tsimarista-disticha,-Lae0QmE15A,Aegean-sea
nto-ta-pres,g4hypPA6D9Y,Mainland-Greece
ntoina,GIOAt5GHt3I,Epirus
ntomna,6ZDyC-wpRXM,Thrace
ntounia-anakriti,YEPmaDr_UMA,Mainland-Greece
nychtose-kai-sto-genti,tzCMruLs9bM,Mainland-Greece
nyfiatikos,ifRo_Z05kuQ,Epirus
o-anapiros-giorgos-mitsakis,L3fe3KGksU8,Mainland-Greece
o-antonis-o-varkaris-o-seretis,IzjFkYASGbY,Mainland-Greece
o-arapis,pxhw04LZhiY,Mainland-Greece
o-chtypos-tis-kardias-apostolos-kaldaras,L3fe3KGksU8,Mainland-Greece
o-diamantenios-sou-stavros,5z-ZGft2zCI,Macedonia
o-dyosmos-ki-o-vasilikos,8gH9iexkXME,Epirus
o-dyosmos-ki-o-vasilikos-2,GIOAt5GHt3I,Thessaly
o-gazianakis,t60GoECE0p8,Ionian-sea
o-ilios-vasilevei,GIOAt5GHt3I,Central-Greece
o-nikolas-o-psaras,YEPmaDr_UMA,Mainland-Greece
o-pasas,tzCMruLs9bM,Mainland-Greece
o-platanos-vaios-malliaras,G9DwnuVgsVs,Central-Greece
o-ponos-me-plimmyrise-giorgos-mitsakis-thodoros-derveniotis,L3fe3KGksU8,Mainland-Greece
o-spinos,J-PqcxTXtp4,Aegean-sea
o-travmatias,tzCMruLs9bM,Mainland-Greece
o-vrachos,jpktBKou-_E,Aegean-sea
oi-kleftes,niplI7Bv-30,Epirus
oi-syntrofisses,dIqJ-N3_Tso,Macedonia
olis-oi-nyfis-stou-chouro-angelina-paschaliatiko,gMz1OBS9FlQ,Macedonia
olmaz,-YUXPO1BSRw,Asia-minor
oloi-oi-rebetes-tou-ntounia-markos-vamvakaris,L3fe3KGksU8,Mainland-Greece
omal-aplon,LL6pe_UtAe0,Pontus
omal-kars,VmaUraZpvI8,Pontus
omal-kerasountas,VmaUraZpvI8,Pontus
omal-kioumous-maten,VmaUraZpvI8,Pontus
omalin,LL6pe_UtAe0,Pontus
omalin-nikopolis,VmaUraZpvI8,Pontus
omorfi-prosfygopoula,mp1pK6b1Oho,Aegean-sea
oneiro-to-da-pos-tha-rtheis,lBs4PyiRsIY,Crete
opa-magka,YEPmaDr_UMA,Mainland-Greece
opote-s-apothymisa,lBs4PyiRsIY,Mainland-Greece
opou-giorgos-kai-malama,GQoE6eVqP38,Mainland-Greece
opseis-tis-psychis,tbbAWeVEHFQ,Mainland-Greece
ora-kali-poulaki-mou,Dd0IreIlLJE,Thrace
oria-mou-fenesai,l2gUntzxeVc,Southern-Italy
oria-mou-pissulina,l2gUntzxeVc,Southern-Italy
orligkas-tsamikos,gMz1OBS9FlQ,Macedonia
osa-chronia-ki-an-perasoun-giannis-tatasopoulos,L3fe3KGksU8,Mainland-Greece
osmantakas,ifRo_Z05kuQ,Epirus
oso-gyrizei-i-sfaira-kyries-tou-paxim,TpK-XXFl51o,Asia-minor
oso-varoun-ta-sidera,Dd0IreIlLJE,Crete
oso-vathia-einai-i-thalassa,vd8WTrc12Uo,Asia-minor
otan-moun-nios-kai-pallikari,wFOvhBpFM1o,Epirus
otan-pernoun-oi-geranoi,lBs4PyiRsIY,Mainland-Greece
ouna-souta-ekato-nomataioi-syrto-sta-tria,wFOvhBpFM1o,Epirus
p-archontiko,fooYiNew79E,Thrace
painemata,J-PqcxTXtp4,Asia-minor
palatia-chrysostolista,pxhw04LZhiY,Mainland-Greece
pali-se-vlepo-skeptiko,tzCMruLs9bM,Mainland-Greece
pali-tragoudi-tha-sou-po,YEPmaDr_UMA,Mainland-Greece
palia-geitonia-manos-chatzidakis-alekos-sakellarios,L3fe3KGksU8,Mainland-Greece
palio-zagorisio,tbbAWeVEHFQ,Epirus
palios-karsilamas,mp1pK6b1Oho,Aegean-sea
pame-paidia-na-fygoume,-YUXPO1BSRw,Asia-minor
pame-sta-bouzoukia,zkoqg3VRVLA,Mainland-Greece
pame-sto-faliro,IzjFkYASGbY,Mainland-Greece
panagia,jpktBKou-_E,Aegean-sea
panagio,UaYoyQPZEuo,Epirus
panagiotoula,niplI7Bv-30,Epirus
panagioula,GIOAt5GHt3I,Central-Greece
pano-ston-apano-pyrgo-strotos,gMz1OBS9FlQ,Epirus
papadopoula-vasilis-saleas,G9DwnuVgsVs,Central-Greece
papor,LL6pe_UtAe0,Pontus
paraponiara-mou,5fJXkyrSxo4,Asia-minor
paraponiarika-paidia,FXS9jCtkFLk,Mainland-Greece
pare-mario-ti-roka-sou,GIOAt5GHt3I,Central-Greece
pare-pia-to-dromo-sou,zkoqg3VRVLA,Mainland-Greece
pare-to-dachtylidi-mou,GQoE6eVqP38,Mainland-Greece
pare-to-dakry-mou,vd8WTrc12Uo,Mainland-Greece
pasas,-YUXPO1BSRw,Asia-minor
pasobeis,UaYoyQPZEuo,Epirus
pathos,4mMJSlECbh4,Aegean-sea
patinada,5z-ZGft2zCI,Central-Greece
patitos,J-PqcxTXtp4,Aegean-sea
patitos-chiou,jpktBKou-_E,Aegean-sea
peiraiotissa,IzjFkYASGbY,Mainland-Greece
pentamorfi,YEPmaDr_UMA,Mainland-Greece
pente-magkes-ston-peraia,IzjFkYASGbY,Mainland-Greece
pente-paidia-malonane,5z-ZGft2zCI,Peloponnese
pentozali,Dd0IreIlLJE,Crete
pentozali-kefalou,CJ7m2WduEh8,Aegean-sea
pentozali-ko,CJ7m2WduEh8,Aegean-sea
pentozalis,6ZDyC-wpRXM,Crete
pentozalis-anatolikis-kritis,e206O9UMfN0,Crete
pera-s-ekeino-to-vouno,FXS9jCtkFLk,Mainland-Greece
pera-stin-tripolitsa,o4XzhbCL0QM,Peloponnese
peramaritikos-ikariotikos,Zy8tjrTf4sg,Aegean-sea
perdika,t60GoECE0p8,Ionian-sea
perdika-ap-to-gialo,dIqJ-N3_Tso,Macedonia
perdika-kai-kynigos,lBs4PyiRsIY,Mainland-Greece
perdikomata,8gH9iexkXME,Epirus
perikoklada,jpktBKou-_E,Aegean-sea
persefoni-mou-glykia,IzjFkYASGbY,Mainland-Greece
pes-mou-garyfalaki,ozHAP8gMIY8,Euboea
petroperdika,J-PqcxTXtp4,Aegean-sea
pidichtos,lBs4PyiRsIY,Crete
pidichtos-2,e206O9UMfN0,Crete
pidichtos-3,e206O9UMfN0,Crete
pidichtos-rousiko,5z-ZGft2zCI,Aegean-sea
pigaina-to-dromo-dromo,8gH9iexkXME,Epirus
pigki,mp1pK6b1Oho,Aegean-sea
pio-pera-apo-to-tzaneio,IzjFkYASGbY,Mainland-Greece
piperi,niplI7Bv-30,Epirus
pisokallotes,4mMJSlECbh4,Crete
pizzica-tarantata,4mMJSlECbh4,Southern-Italy
pizzika-grika,l2gUntzxeVc,Southern-Italy
plapoutas,6bLFhgwoKsY,Peloponnese
platania-apo-to-metsovo-tou-diligianni,wFOvhBpFM1o,Epirus
platanios,ozHAP8gMIY8,Euboea
platanisios,jpktBKou-_E,Aegean-sea
plevra,6ZDyC-wpRXM,Epirus
pogonisio-fillipos-rountas,G9DwnuVgsVs,Epirus
pogonisios,6ZDyC-wpRXM,Epirus
poia-einai-afti-pou-perase,o4XzhbCL0QM,Peloponnese
poios-eide-psari-sti-thalassa,6bLFhgwoKsY,Peloponnese
poios-eide-tetoio-thamasma,GIOAt5GHt3I,Central-Greece
politiko-giannis-stamatiou-sporos,L3fe3KGksU8,Asia-minor
politiko-syrto,TpK-XXFl51o,Asia-minor
polka,5z-ZGft2zCI,Aegean-sea
polles-fores,zkoqg3VRVLA,Mainland-Greece
ponemeni-kardia,lBs4PyiRsIY,Crete
popse-christos-gennithike-kalanta-thrakis,fooYiNew79E,Thrace
pos-to-trivoun-to-piperi,Zy8tjrTf4sg,Epirus
pot-pouri,8gH9iexkXME,Epirus
potamia,tbbAWeVEHFQ,Epirus
potamiotiko-syrto,mp1pK6b1Oho,Aegean-sea
pote-tha-rthei-i-anoixi,UaYoyQPZEuo,Epirus
pou-isoun-epses-leventi-mou-strotos-gabrou,gMz1OBS9FlQ,Macedonia
pou-isoun-epses-leventi-mou-syrtos-baniotikos,fooYiNew79E,Thrace
pou-teritzei-tragoudi-douleias,l2gUntzxeVc,Southern-Italy
pou-tha-me-pas,zkoqg3VRVLA,Mainland-Greece
pou-tha-me-pas-2,vd8WTrc12Uo,Mainland-Greece
poulaki-eicha-sto-klouvi,FXS9jCtkFLk,Mainland-Greece
poulaki-fillipos-rountas,G9DwnuVgsVs,Epirus
poulaki-mou,lBs4PyiRsIY,Mainland-Greece
poulaki-xeno,e5WVqHyTui4,Central-Greece
prevezaniko,6ZDyC-wpRXM,Epirus
prinianos,Dd0IreIlLJE,Crete
protovrochi,YEPmaDr_UMA,Mainland-Greece
psaraki,e206O9UMfN0,Crete
psilovrechei,GQoE6eVqP38,Mainland-Greece
pyrgousikos,k_U5rTSHIMo,Mainland-Greece
pyrgousikos-3,J-PqcxTXtp4,Aegean-sea
ra-kabana,g4hypPA6D9Y,Mainland-Greece
rachiotikos-ikariotikos,Zy8tjrTf4sg,Aegean-sea
rast,5z-ZGft2zCI,Central-Greece
rebetes-apostolos-chatzichristos-giorgos-fotidas,L3fe3KGksU8,Mainland-Greece
rirolala-tarantela-pitsika,l2gUntzxeVc,Southern-Italy
romana,Dd0IreIlLJE,Pontus
roubalia-garoufalia,ozHAP8gMIY8,Asia-minor
roumaniki-souita-2,VrnG_gxNwH8,Romania
rousa-papadia,GIOAt5GHt3I,Central-Greece
rouses-mou,g4hypPA6D9Y,Epirus
rumelaj,k_U5rTSHIMo,Romania
s-agapo-giati-eisai-oraia,-YUXPO1BSRw,Asia-minor
sa-agapo-giati-eisai-oraia,e5WVqHyTui4,Asia-minor
sa-topia-t-emeterion,i6kJdvFwCoA,Pontus
sala-sala,5fJXkyrSxo4,Asia-minor
salona,GIOAt5GHt3I,Central-Greece
salonikiotiko-vaios-malliaras,G9DwnuVgsVs,Macedonia
san-eidane-ta-matia-mou,6bLFhgwoKsY,Peloponnese
san-fyllo-kitrino,t60GoECE0p8,Ionian-sea
san-piga-sta-kalavryta,6bLFhgwoKsY,Peloponnese
san-tha-pes-na-pas-stin-ameriki,6bLFhgwoKsY,Peloponnese
san-tin-apopse-ti-vradia,FXS9jCtkFLk,Mainland-Greece
santu-paulu-miu-tarantela,l2gUntzxeVc,Southern-Italy
sarakatsaniko-tsamiko,8gH9iexkXME,Mainland-Greece
saranta-meres-kalanta-thrakis,fooYiNew79E,Thrace
saranta-mila,4mMJSlECbh4,Pontus
saranta-mila-kokkina,i6kJdvFwCoA,Pontus
saranta-palikaria,-Lae0QmE15A,Aegean-sea
saranta-palikaria-2,8gH9iexkXME,Peloponnese
sarantapente-kyriakes-kathistiko,wFOvhBpFM1o,Epirus
sarantapente-lemonies-tsamikos,wFOvhBpFM1o,Epirus
sari-kouz,LL6pe_UtAe0,Pontus
savvato-valane-vouli,o4XzhbCL0QM,Peloponnese
se-kainourgia-varka-bika,jpktBKou-_E,Asia-minor
se-xechasa-de-se-pono,lBs4PyiRsIY,Mainland-Greece
sehnaz-longa,g4hypPA6D9Y,Turkey
selfo,tbbAWeVEHFQ,Epirus
selfo-3,GIOAt5GHt3I,Epirus
selfo-4,ifRo_Z05kuQ,Epirus
sera,LL6pe_UtAe0,Pontus
seranitsa,VmaUraZpvI8,Pontus
sevillianes,tzCMruLs9bM,Mainland-Greece
sevntas,UaYoyQPZEuo,Epirus
sfyrigma,ozHAP8gMIY8,Mainland-Greece
sgoure-vasilike-mou-balos,Zy8tjrTf4sg,Aegean-sea
siana,8gH9iexkXME,Thessaly
sidirovergino-klouvi,UaYoyQPZEuo,Epirus
siga-tis-machairies,zkoqg3VRVLA,Mainland-Greece
sigalia,dIqJ-N3_Tso,Macedonia
siganos-kontylies,6ZDyC-wpRXM,Crete
sik-sin-i-leilek-gosou,i6kJdvFwCoA,Pontus
siko-kopela-mou,pxhw04LZhiY,Mainland-Greece
sikonomai-mia-avgitsa,ifRo_Z05kuQ,Epirus
silyvriano-sousta,Zy8tjrTf4sg,Asia-minor
silyvrianos,jpktBKou-_E,Aegean-sea
simera-christos-anesti,5z-ZGft2zCI,Peloponnese
simera-labei-o-ouranos,t60GoECE0p8,Ionian-sea
simera-vgika-na-charo,6bLFhgwoKsY,Peloponnese
simeris-vgika-na-charo,o4XzhbCL0QM,Peloponnese
siniotikos,t60GoECE0p8,Ionian-sea
skantza-ntama,Zy8tjrTf4sg,Aegean-sea
skaros,FXS9jCtkFLk,Epirus
skaros-2,dIqJ-N3_Tso,Macedonia
skaros-3,tbbAWeVEHFQ,Epirus
skertsopetachto,TpK-XXFl51o,Asia-minor
sklaves-tou-pasa,YEPmaDr_UMA,Mainland-Greece
skopos-agnostos,4mMJSlECbh4,Aegean-sea
skopos-charkitikos,CJ7m2WduEh8,Aegean-sea
skopos-giala,-Lae0QmE15A,Aegean-sea
skopos-giala-2,CJ7m2WduEh8,Aegean-sea
skopos-karalidikos,ozHAP8gMIY8,Euboea
skopos-me-to-machairi-i-tzamkous,mp1pK6b1Oho,Aegean-sea
skopos-perameritikos,4mMJSlECbh4,Aegean-sea
skopos-pisomeri,4mMJSlECbh4,Aegean-sea
skopos-tou-dromou,mp1pK6b1Oho,Aegean-sea
skopos-tourna,CJ7m2WduEh8,Aegean-sea
skopos-tsourapia,4mMJSlECbh4,Macedonia
skopos-tzivaeri,-Lae0QmE15A,Aegean-sea
skopos-viannitis,e206O9UMfN0,Crete
skoutari,5fJXkyrSxo4,Asia-minor
smyrnaiiko-minore,TpK-XXFl51o,Asia-minor
smyrni,-YUXPO1BSRw,Asia-minor
smyrni-me-ta-perichora,5fJXkyrSxo4,Asia-minor
smyrniotopoules,Dd0IreIlLJE,Asia-minor
sokiani,CJ7m2WduEh8,Asia-minor
solo-papaioannou-tsifteteli,zkoqg3VRVLA,Mainland-Greece
souita-mikis-theothorakis,Dd0IreIlLJE,Mainland-Greece
soultana,ozHAP8gMIY8,Euboea
soultana-paraponiara,e5WVqHyTui4,Asia-minor
souroupo-me-synnefia,zkoqg3VRVLA,Mainland-Greece
sousta,-Lae0QmE15A,Aegean-sea
sousta-2,CJ7m2WduEh8,Aegean-sea
sousta-3,CJ7m2WduEh8,Aegean-sea
sousta-4,6ZDyC-wpRXM,Aegean-sea
sousta-5,lBs4PyiRsIY,Crete
sousta-kasiotiki-orses-adrosistou,4mMJSlECbh4,Aegean-sea
sousta-kefalou,CJ7m2WduEh8,Aegean-sea
sousta-rodou,5z-ZGft2zCI,Aegean-sea
sousta-rodou-2,e5WVqHyTui4,Aegean-sea
sousta-rodou-3,4mMJSlECbh4,Aegean-sea
sousta-tsabounisti,-Lae0QmE15A,Aegean-sea
sousta-zevgaroti,CJ7m2WduEh8,Aegean-sea
spasta-fos-mou,6ZDyC-wpRXM,Crete
sstoura-mantili-e-ve-kraxe,ozHAP8gMIY8,Euboea
st-anapliou-to-palamidi,o4XzhbCL0QM,Peloponnese
sta-marmara-tou-galata,4mMJSlECbh4,Aegean-sea
sta-ritsa,GIOAt5GHt3I,Central-Greece
sta-trikorfa-mes-tin-korfi,o4XzhbCL0QM,Peloponnese
sta-vervaina-ta-doliana,o4XzhbCL0QM,Peloponnese
stafidianos-skopos,6ZDyC-wpRXM,Crete
stavroula,ozHAP8gMIY8,Euboea
stazoun-ta-keramidia-sou,8gH9iexkXME,Central-Greece
steile-me-mana,CJ7m2WduEh8,Aegean-sea
steile-me-mana-sto-pigadi,ozHAP8gMIY8,Mainland-Greece
step,i6kJdvFwCoA,Pontus
sti-drapetsona,IzjFkYASGbY,Mainland-Greece
sti-mesi-sta-kalavryta,o4XzhbCL0QM,Peloponnese
sti-saloniki-sto-tsarsi,5z-ZGft2zCI,Thrace
sti-thalassa-xegnantepsa,o4XzhbCL0QM,Peloponnese
stin-parapano-geitonia,6bLFhgwoKsY,Peloponnese
stis-dekapente-tou-magiou,niplI7Bv-30,Epirus
stis-deropolis-ton-kabo,ifRo_Z05kuQ,Epirus
stis-enteka-stis-dodeka,o4XzhbCL0QM,Peloponnese
stis-marmarostrotes-avles,o4XzhbCL0QM,Peloponnese
stis-sarakinas-to-vouno-tsamikos,gMz1OBS9FlQ,Macedonia
sto-faliro-pou-plenesai,IzjFkYASGbY,Mainland-Greece
sto-kapileio-tou-bati,jpktBKou-_E,Aegean-sea
sto-pa-kai-sto-xanaleo,Dd0IreIlLJE,Asia-minor
sto-pa-kai-sto-xanaleo-2,jpktBKou-_E,Asia-minor
sto-peiraia-synnefiase,GQoE6eVqP38,Mainland-Greece
stolisma-nyfis,t60GoECE0p8,Ionian-sea
ston-kobo-sti-riza,ozHAP8gMIY8,Euboea
ston-serriotiko-ton-kabo-strotos-nyfis,gMz1OBS9FlQ,Macedonia
stou-linardou-ti-taverna,pxhw04LZhiY,Mainland-Greece
stou-papa-to-bougazi,Zy8tjrTf4sg,Asia-minor
stroto-batzitiko-vasilis-batzis,G9DwnuVgsVs,Epirus
stroto-dotsikou-kai-gyrisma,UaYoyQPZEuo,Macedonia
stroto-pogonisio-fillipos-rountas,G9DwnuVgsVs,Epirus
stroto-pogonisio-rebap,UaYoyQPZEuo,Epirus
sultani-yegah-longa,g4hypPA6D9Y,Turkey
svise-ti-floga,pxhw04LZhiY,Mainland-Greece
sybethera-2,Zy8tjrTf4sg,Aegean-sea
sygkathisto,5z-ZGft2zCI,Thrace
syllogismeno-se-thoro,-YUXPO1BSRw,Asia-minor
sympethera,5z-ZGft2zCI,Aegean-sea
syre-na-peis-bintagiala,mp1pK6b1Oho,Aegean-sea
syre-na-peis-sti-mana-sou,5z-ZGft2zCI,Asia-minor
syrta-sygkathista,5z-ZGft2zCI,Thrace
syrto-politiko,G9DwnuVgsVs,Asia-minor
syrto-politiko-2,g4hypPA6D9Y,Asia-minor
syrtos,mp1pK6b1Oho,Aegean-sea
syrtos-chalkidikis-manolis-papageorgiou,G9DwnuVgsVs,Macedonia
syrtos-fereis-paralymenos-peiraiotikos-palio-sarki,J-PqcxTXtp4,Aegean-sea
syrtos-geragotikos,mp1pK6b1Oho,Aegean-sea
syrtos-politikos-3,VrnG_gxNwH8,Asia-minor
syrtos-politikos-4,jpktBKou-_E,Asia-minor
syrtos-travichtos,CJ7m2WduEh8,Aegean-sea
t-abelia,dIqJ-N3_Tso,Macedonia
t-aidoni,gMz1OBS9FlQ,Macedonia
t-aidoni-sygkathistos,gMz1OBS9FlQ,Macedonia
ta-choria-tis-chiou,J-PqcxTXtp4,Aegean-sea
ta-kavourakia,pxhw04LZhiY,Mainland-Greece
ta-machairia,i6kJdvFwCoA,Pontus
ta-magia,-YUXPO1BSRw,Asia-minor
ta-meliotakia,jpktBKou-_E,Asia-minor
ta-melitzania,Dd0IreIlLJE,Aegean-sea
ta-niata,FXS9jCtkFLk,Mainland-Greece
ta-nisia,mp1pK6b1Oho,Aegean-sea
ta-pentikoudia,i6kJdvFwCoA,Pontus
ta-petalakia,pxhw04LZhiY,Mainland-Greece
ta-potirakia-i-poutankous,mp1pK6b1Oho,Aegean-sea
ta-vimata,lBs4PyiRsIY,Mainland-Greece
ta-xyla-2,jpktBKou-_E,Aegean-sea
ta-ydraiika,IzjFkYASGbY,Mainland-Greece
tabachaniotikos-manes,e5WVqHyTui4,Asia-minor
tammuriata-nera,k_U5rTSHIMo,Southern-Italy
tangko,Zy8tjrTf4sg,Aegean-sea
tarantela-kalavrias,l2gUntzxeVc,Southern-Italy
tarantella,l2gUntzxeVc,Southern-Italy
tarantella-gargano,l2gUntzxeVc,Southern-Italy
tas-i-ta-gaita-i-monachikon,i6kJdvFwCoA,Pontus
tasia,5z-ZGft2zCI,Epirus
tasia-2,8gH9iexkXME,Epirus
tatavliano-chasapiko,TpK-XXFl51o,Asia-minor
ters,LL6pe_UtAe0,Pontus
tessera-matia-dyo-kardies,ozHAP8gMIY8,Asia-minor
tha-fygo-mana-kai-tha-klais,UaYoyQPZEuo,Macedonia
tha-pao-stin-arapia,5z-ZGft2zCI,Epirus
tha-spaso-koupes,-YUXPO1BSRw,Asia-minor
tha-tragoudo-tha-tragoudo-isame-ti-deftera,-YUXPO1BSRw,Asia-minor
tha-xanartheis-2,VrnG_gxNwH8,Mainland-Greece
thalassa-ontas-giomizeis,FXS9jCtkFLk,Mainland-Greece
thalassa-platia,wFOvhBpFM1o,Epirus
thelo-na-anevo-se-vouno,6bLFhgwoKsY,Peloponnese
thelo-na-pao-sti-fragkia,6ZDyC-wpRXM,Thrace
thelo-na-papseis-na-gelas,YEPmaDr_UMA,Mainland-Greece
thelo-sta-bouzoukia,pxhw04LZhiY,Mainland-Greece
thelo-sta-bouzoukia-2,GQoE6eVqP38,Mainland-Greece
theloun-n-anthisoun-ta-klaria,niplI7Bv-30,Epirus
thessalomakedoniko,8gH9iexkXME,Macedonia
thessalomakedonikos-choros,6ZDyC-wpRXM,Macedonia
thessalomakedonikos-choros-patinada-v-malliara,G9DwnuVgsVs,Thessaly
thymisou,dIqJ-N3_Tso,Mainland-Greece
ti-echeis-rina-m,GIOAt5GHt3I,Central-Greece
ti-einai-afto-pou-to-lene-agapi,zkoqg3VRVLA,Mainland-Greece
ti-kala-to-leei-t-aidoni,Dd0IreIlLJE,Thrace
ti-magia-se-echoune-potisei,YEPmaDr_UMA,Mainland-Greece
ti-montsonos,i6kJdvFwCoA,Pontus
ti-na-sou-po-pedi-mou,l2gUntzxeVc,Southern-Italy
ti-na-ta-kano-ta-flouria-thelo-na-rixei-mia-vrochi-tsamika,ifRo_Z05kuQ,Epirus
ti-se-melei-esenane,5z-ZGft2zCI,Asia-minor
ti-simera-ti-avrio-ti-tora,zkoqg3VRVLA,Mainland-Greece
ti-thalassa-ti-galani,5z-ZGft2zCI,Aegean-sea
ti-thalassa-ti-galani-2,CJ7m2WduEh8,Aegean-sea
tik-argon,LL6pe_UtAe0,Pontus
tik-diplon,i6kJdvFwCoA,Pontus
tik-dytikou-pontou,LL6pe_UtAe0,Pontus
tik-monon,LL6pe_UtAe0,Pontus
tik-tromachton,VmaUraZpvI8,Pontus
tikin,LL6pe_UtAe0,Pontus
tin-akri-akri-to-gialo,FXS9jCtkFLk,Mainland-Greece
tin-chrysi-mou-tin-parea,FXS9jCtkFLk,Mainland-Greece
tinos-na-po-ton-pono-mou,Dd0IreIlLJE,Aegean-sea
tis-agia-sofias,FXS9jCtkFLk,Mainland-Greece
tis-erythraias-to-nero,-YUXPO1BSRw,Asia-minor
tis-labros-to-tragoudi,o4XzhbCL0QM,Peloponnese
tis-mavras-to-stoicheio,6bLFhgwoKsY,Peloponnese
tis-michanis-to-forema,-Lae0QmE15A,Aegean-sea
tis-xeniteias,6bLFhgwoKsY,Peloponnese
titara,i6kJdvFwCoA,Pontus
tiz,LL6pe_UtAe0,Pontus
to-aroma-skopos-tou-bilali,vd8WTrc12Uo,Mainland-Greece
to-diko-sou-to-marazi,GQoE6eVqP38,Mainland-Greece
to-fantaraki,GQoE6eVqP38,Mainland-Greece
to-filerimo-trygoni,ozHAP8gMIY8,Asia-minor
to-gramma,GQoE6eVqP38,Mainland-Greece
to-gramma-2,tzCMruLs9bM,Mainland-Greece
to-grigoro-pouli,G9DwnuVgsVs,Macedonia
to-kastro-diplos,J-PqcxTXtp4,Aegean-sea
to-klama-tis-penias-manolis-chiotis-christos-kolokotronis,L3fe3KGksU8,Mainland-Greece
to-klenisma-ti-nyfes,i6kJdvFwCoA,Pontus
to-mathate-more-paidia,o4XzhbCL0QM,Peloponnese
to-mathate-ti-egine,o4XzhbCL0QM,Peloponnese
to-mentil,i6kJdvFwCoA,Pontus
to-organaki,YEPmaDr_UMA,Mainland-Greece
to-parapono-tou-laoutou,tbbAWeVEHFQ,Mainland-Greece
to-plataniotiko-nero,6ZDyC-wpRXM,Aegean-sea
to-porpateman-ti-nyfes,i6kJdvFwCoA,Pontus
to-pos-apokoimithika,FXS9jCtkFLk,Mainland-Greece
to-proi-me-xypnas-me-filia-2,VrnG_gxNwH8,Mainland-Greece
to-romantzo-mas,GQoE6eVqP38,Mainland-Greece
to-sakaki,IzjFkYASGbY,Mainland-Greece
to-stoicheiomeno-spiti-giorgos-lafkas-charalabos-vasileiadis,L3fe3KGksU8,Mainland-Greece
to-tavernaki,YEPmaDr_UMA,Mainland-Greece
to-tram-to-teleftaio,zkoqg3VRVLA,Mainland-Greece
to-tseliotaki,o4XzhbCL0QM,Peloponnese
ton-giorgaki-sou-xechnas,GQoE6eVqP38,Mainland-Greece
ton-vaion,VmaUraZpvI8,Pontus
tora-ein-o-mais,GIOAt5GHt3I,Central-Greece
tora-to-kontovrado,6bLFhgwoKsY,Peloponnese
tora-to-vrady-vrady,g4hypPA6D9Y,Central-Greece
tou-angeli-goviou-syrtos,ozHAP8gMIY8,Euboea
tou-angeli-tou-goviou,ozHAP8gMIY8,Euboea
tou-kitsou-i-mana,8gH9iexkXME,Central-Greece
tou-kyr-tasou,dIqJ-N3_Tso,Macedonia
tou-louka,dIqJ-N3_Tso,Macedonia
touta-ta-kala-trapezia,dIqJ-N3_Tso,Macedonia
touto-to-vary-cheimona,UaYoyQPZEuo,Epirus
tragoudi-gia-to-xyrisma-tou-gabrou,CJ7m2WduEh8,Aegean-sea
tragoudi-tis-piperias,ozHAP8gMIY8,Euboea
tragoudi-tou-gamou,4mMJSlECbh4,Cyprus
treis-chronous-ego-polemo,gMz1OBS9FlQ,Macedonia
treis-fragkopoules,8gH9iexkXME,Thessaly
treis-labadoules-tsamikos,gMz1OBS9FlQ,Macedonia
tria-ti-kotsari-kars,LL6pe_UtAe0,Pontus
tria-ti-kotsari-kotsari,VmaUraZpvI8,Pontus
triar,LL6pe_UtAe0,Pontus
tripat-i-trikotson,LL6pe_UtAe0,Pontus
tromachton,i6kJdvFwCoA,Pontus
trygona,LL6pe_UtAe0,Pontus
trygona-2,GIOAt5GHt3I,Central-Greece
trygona-trapezountas-trygona-matsoukas,VmaUraZpvI8,Pontus
trygona-v-besiris,G9DwnuVgsVs,Epirus
trygos,t60GoECE0p8,Ionian-sea
tsakirmize,-YUXPO1BSRw,Asia-minor
tsakisto-fillipos-rountas,G9DwnuVgsVs,Epirus
tsamiko-rast,g4hypPA6D9Y,Central-Greece
tsamourikos-ikariotikos,Zy8tjrTf4sg,Aegean-sea
tsanakalis,dIqJ-N3_Tso,Macedonia
tsaragot-i-chorontikon,i6kJdvFwCoA,Pontus
tsarntas,TpK-XXFl51o,Mainland-Greece
tsattista,4mMJSlECbh4,Crete
tsift,5fJXkyrSxo4,Asia-minor
tsipoul-tsipoul,LL6pe_UtAe0,Pontus
tsopanos-ekatevaine,CJ7m2WduEh8,Aegean-sea
tsourtougouzous,VmaUraZpvI8,Pontus
tzako-elenitsa,TpK-XXFl51o,Asia-minor
tzane-m-potame,6ZDyC-wpRXM,Macedonia
tzemile-manolis-chiotis,L3fe3KGksU8,Mainland-Greece
tzin-kai-froumel,pxhw04LZhiY,Mainland-Greece
valentina,pxhw04LZhiY,Mainland-Greece
vals,e206O9UMfN0,Mainland-Greece
vals-2,Zy8tjrTf4sg,Aegean-sea
varethika-ta-niata-mou,6bLFhgwoKsY,Peloponnese
varethika-tin-xeniteia,UaYoyQPZEuo,Epirus
varia-varoun-ta-simantra,niplI7Bv-30,Epirus
varia-varoun-ta-simantra-sygkathistos,ifRo_Z05kuQ,Epirus
varka-mou-bogiatismeni,-Lae0QmE15A,Aegean-sea
varkoula,FXS9jCtkFLk,Mainland-Greece
varkoula-2,t60GoECE0p8,Ionian-sea
vary,dIqJ-N3_Tso,Macedonia
vary-zeibekiko-i-zeibekiko-re,mp1pK6b1Oho,Aegean-sea
vasilarchontissa,wFOvhBpFM1o,Epirus
vasilikos-tha-gino,fooYiNew79E,Epirus
vatous-kai-agkathia,6bLFhgwoKsY,Peloponnese
viini-oara-si-vtzimou,niplI7Bv-30,Epirus
vira-tis-agkyres,zkoqg3VRVLA,Mainland-Greece
virginada,5z-ZGft2zCI,Epirus
vlacha,TpK-XXFl51o,Aegean-sea
vlachika-beratia,UaYoyQPZEuo,Epirus
vlamissa,vd8WTrc12Uo,Mainland-Greece
volioumai-na-xenitefto,wFOvhBpFM1o,Epirus
voskistikos,4mMJSlECbh4,Aegean-sea
voskitiko,4mMJSlECbh4,Aegean-sea
voula-mar-voula,niplI7Bv-30,Epirus
voulgara,g4hypPA6D9Y,Central-Greece
voulgariko,k_U5rTSHIMo,Bulgaria
voulo-mor-tsivoulo-syrto-sta-dyo,wFOvhBpFM1o,Epirus
vouna-min-kamaronete,o4XzhbCL0QM,Peloponnese
xefantoma,zkoqg3VRVLA,Mainland-Greece
xenitemeno-mou-pouli,6ZDyC-wpRXM,Aegean-sea
xenitemeno-mou-pouli-2,t60GoECE0p8,Ionian-sea
xenobasarikaki,e206O9UMfN0,Crete
xero-tragoudia-thalassa,ozHAP8gMIY8,Euboea
xyla,mp1pK6b1Oho,Aegean-sea
xyla-2,6ZDyC-wpRXM,Aegean-sea
yamali-sham,k_U5rTSHIMo,Egypt
yashadi-el-alhan,k_U5rTSHIMo,Egypt
zacharoula,dIqJ-N3_Tso,Macedonia
zagorisia-gyrismata,ifRo_Z05kuQ,Epirus
zagorisio,tbbAWeVEHFQ,Epirus
zagorisio-fillipos-rountas,G9DwnuVgsVs,Epirus
zeibekiko-bam,jpktBKou-_E,Aegean-sea
zeibekiko-mpilia,mp1pK6b1Oho,Aegean-sea
zeimpekiko,mp1pK6b1Oho,Aegean-sea
ziakas-strotos,gMz1OBS9FlQ,Macedonia
ziakas-tsiamikos,gMz1OBS9FlQ,Macedonia
zise,pxhw04LZhiY,Mainland-Greece
zousa-monachos-choris-agapi,YEPmaDr_UMA,Mainland-Greece
987f5074-882c-49e4-bcc2-417994875a63,Wq9T2tBb7bQ,Aegean-sea
8fe8dcb3-ffbf-4c8b-bacf-3549ac6de207,edwvUO9GquM,Aegean-sea
f25251a9-59e0-404a-9533-8f3127627c94,Gj_uyOxBhZI,Aegean-sea
64c55a05-650d-4c02-8d60-b25ea6bae9d2,SMDLYFO8PuM,Aegean-sea
500fa185-9a63-4eb0-9f70-a58ad4c335ca,BIT8XUCZJP8,Aegean-sea
29065343-1010-4aba-81c1-021c7b9886a5,hhihQ0DTyt4,Aegean-sea
68d215b6-1b14-4b74-a1d4-d483284112d0,1saHbL48Rss,Aegean-sea
73c2749e-d592-40e3-96ea-545c4c9e55c1,WiZeWwEwECY,Aegean-sea
d386c191-e6c1-4406-96d2-7b6a607c5415,jWRbbHe1ryU,Aegean-sea
5abba3da-4082-40f5-86f7-2c8b0228159a,Po3fuajrmD8,Aegean-sea
1a1c05e4-3af1-4a0e-a8ff-e6ff1c842463,l9qQ4xgbhXM,Aegean-sea
f93091aa-d644-413b-ad64-20ccf50ce9e4,VVTaDoUSQno,Aegean-sea
07cb00d1-dc34-4510-826d-519eaebff8d6,e4d83ykYC40,Aegean-sea
7e38d7cf-a162-4141-958e-4de290fdf392,cbfdGSoHicU,Aegean-sea
73cb5307-59fc-4a1f-ba94-645c986311d2,xjmTVtqxfuE,Aegean-sea
884e97d4-b9d6-41e7-8366-0d4632c6dfa4,kAT8p7DVo10,Aegean-sea
36b708fe-e7f3-46e6-b327-2d3591fb0142,KUbS15ppAbA,Aegean-sea
8e7bf0b9-0e74-405d-918c-55957f4d2f70,CWt0rrMhfIU,Aegean-sea
78f988be-b577-4527-93ab-ec595a634774,OnU0VBtUbCg,Aegean-sea
65318240-ffaa-4c0b-b0ec-c3d3d061f8e9,zpszgAcbJ50,Aegean-sea
c671b9bc-6dad-4648-afc5-a168dd67bfec,EnXWCj6CAPY,Aegean-sea
af9aad25-83a5-41ad-8d3c-17b807bb263d,BoVyNAiRDSM,Aegean-sea
1f77e417-2442-4941-bc62-21dc5cb332fc,O6QND4pdcis,Aegean-sea
61d28ac1-195c-4960-ae75-917c089f0b68,j64Ja56ETlM,Aegean-sea
e43355f5-23d0-465f-83e9-de750b85a5fe,86atTWdLGAk,Aegean-sea
f7da372d-18d4-497d-813f-d7e6389b7b73,O9Wx_rVhv1c,Aegean-sea
5af5a14d-75c6-41b1-af8d-fdd8174f1f24,XQOqN8c-YgY,Aegean-sea
cbc0988c-e914-42cc-b0a2-582b36abf641,RFsLV-gSP2E,Aegean-sea
e8cd5bf3-c833-4ab9-88ab-895464a7c613,zkCCwXychHk,Aegean-sea
07c611cb-c1cd-4f45-9653-718437c44fe4,eOG7gOxWJnY,Aegean-sea
da8b91f6-6333-4816-8581-ea0bdba89354,Qn5uK2VgHvg,Aegean-sea
aec2d9aa-1406-41b0-a4db-c895bf3cd413,ty8AJgQhFJY,Aegean-sea
882f604f-a61b-4802-bfb5-ed35d68216bd,s0jXKUcBwQw,Aegean-sea
2b26630e-25a3-43ba-afe1-7548cd318692,T-qzeQpe8ro,Aegean-sea
71afb46c-6bd2-4526-a5b7-3116fc026a3e,mhUd1QZx6u4,Aegean-sea
605cf1e3-d9a9-47fe-bfb5-d1234f49c645,qSl7bfd882k,Aegean-sea
5dcf32ad-c034-4900-8c55-9eb6ccda527e,Ov7pyzQ68YM,Aegean-sea
992ed33c-73e3-4631-b66f-c2b9cf4ade1e,tGLxyuH2W1k,Aegean-sea
6efbf1d9-7dfd-474f-82eb-dc99cf7824dd,57Ce5AYTnJU,Aegean-sea
ca14672b-ba79-4275-b695-cfd4b0faba3f,sbzJDdiyrNU,Aegean-sea
804eb6f1-5ea2-4792-a0e5-9d4368cf39a0,nmcQSJBzRws,Aegean-sea
d031780a-8d3c-4996-8249-96d441f061f6,nmcQSJBzRws,Aegean-sea
86133a4a-9c33-42b7-b265-f18f7502db1a,Xl-oCg_UlVs,Aegean-sea
4467480d-669c-4eb1-9c34-f410841dd286,22SqUow-l3k,Aegean-sea
10c6b5b6-d65f-4be1-9bf9-3b8cd4a7caef,x86-70Qtgzw,Aegean-sea
826f22c6-7c78-4ec9-a770-4c47025b5812,hv8LCoJwJDc,Aegean-sea
4c1d033f-9dfc-4b7c-a918-fab3ba8cf4eb,uJyJu6OHGgo,Aegean-sea
e2a01179-d0be-4ba7-b6bb-4fedc3ef1776,ar0wKc3-vO8,Aegean-sea
a6cc09d8-e9f0-4ce7-b9b6-a8701e5b4401,v2KNT8U5o3Y,Aegean-sea
6ba34fd8-7a98-444b-b027-d527b0e3d9b8,a888fYY3JpY,Aegean-sea
98796878-0899-4d4d-a2f6-9faf7f044b56,TVw7Aw8eevk,Aegean-sea
bb24dc72-8836-4dee-89a1-a48f168173f5,-qpfhlqoT58,Aegean-sea
db8c79e8-b797-49eb-8298-5cd971631788,_2epxeZY93Q,Aegean-sea
c2316d1c-f2a2-48c2-9287-72a142917481,F2C8boBsp9s,Aegean-sea
4aa67423-bf9d-41cd-be17-7550d363a795,5EMBJuhcsCA,Aegean-sea
ec9e72dd-d7e3-462d-8420-24c11ce412f2,eD9IxqPUNCc,Aegean-sea
74f06b21-8172-49bc-af6e-1eece9e0f846,SN4iI0bj_Lk,Aegean-sea
f269c537-bc60-4f17-9268-8228e9003538,xMGQ9k4Tyco,Aegean-sea
38a0f3aa-c5ea-4d61-9b93-9b9d836f52f2,ypdvFLoTFN4,Aegean-sea
47816ee5-f228-4030-86b8-438d3b26c43d,h35BK5Sy2s0,Aegean-sea
e770238e-7f0c-4e10-9309-af103a6abef6,BmxAQizXaCQ,Aegean-sea
038a4986-7fc6-49ce-bb7e-ecf400c002ce,ungPCMWI1i8,Aegean-sea
907b6405-e4e1-44d7-a50f-2515932b669e,MC_rkPNHZYE,Aegean-sea
4da9fff4-bf45-4a31-a607-7c147ad87aae,aBNAhwaeyss,Aegean-sea
28b89560-ee35-4f1f-915d-478c26dcf66c,JC-d-UVCbQo,Aegean-sea
8b94855a-4385-4848-90f5-5c111d9f3f5c,5fBWb8xtXMY,Aegean-sea
dbea8f3e-9702-4399-8d5b-951f2aee39bc,wbQGMadMD1g,Aegean-sea
15ce4ba2-0383-426c-b390-8123bd16d088,Dvbi_8wJkeo,Aegean-sea
e5334c27-0226-40cf-b013-7d1bab671fe6,Twj0wywEobU,Aegean-sea
bf968845-5f71-4c47-8883-9e1539196526,OAJboKQ9OmU,Aegean-sea
29d133dc-801e-4368-a17e-e5ab140f2f6b,k7d93v0bQJ0,Aegean-sea
26389a29-858f-4844-a948-222599e9dca1,RQYqliSGs_g,Aegean-sea
b5068b8b-2258-4d95-9463-787e9adc3482,k7d93v0bQJ0,Aegean-sea
e46e9b39-318f-409b-859e-62514af8fd07,n0AhyR65jN8,Aegean-sea
c4f3d157-231f-40ab-b2b2-71a21ba5ed06,yl93wmWDkd0,Aegean-sea
e4ab6bca-c329-47f3-90cb-6a905eae7764,3hcWPf4GOKg,Aegean-sea
e829f600-5061-4ef7-8767-c1ba9772de15,vfwhe80Q7MI,Aegean-sea
c22ebb65-263a-42b5-a547-a95bbac49d65,9ezl2UYSNQg,Aegean-sea
3bd35e9e-6bc4-4e6d-a795-e0742fff4c38,eBkzxPFd3Oo,Aegean-sea
03d148ab-2169-476f-b195-9a5ea792b9e7,rmKeLFR0GsY,Aegean-sea
a88dbe35-0861-4ff9-a7c3-edaf0bdd962f,lxKkSk7D4r4,Aegean-sea
3bfaacb3-6e74-4adb-aec7-f4d8f0789ccf,BmDeLtgjPSw,Aegean-sea
8a18c7a0-089d-48a6-b78f-97b0d0f31c1f,o85zTYsBbVI,Aegean-sea
eae04d9b-6793-4504-8a87-aa2d6ce13ceb,kqW5WuMvtoU,Aegean-sea
1cf179e9-6a85-435f-b732-cea0c255fd92,RGQK6J5mNzE,Aegean-sea
84e4f13c-7d05-4f14-9774-d16719d9756e,bUsxO9w1Zvk,Aegean-sea
7ef51d5e-72f6-4b86-9190-a44e7c87d289,bUsxO9w1Zvk,Aegean-sea
7a2fa1d9-37f7-4c6c-8977-d28ce29fec96,3pbGHf2MDVg,Aegean-sea
aad41c37-3ec5-459c-8f53-0140e3f7a251,MJur1E-ljPo,Aegean-sea
db5cce40-7b16-4da3-b6b8-e7f286cb9148,MJur1E-ljPo,Aegean-sea
5b6342bb-168c-4d4c-8550-936213848e50,Tx1-72lHSYw,Aegean-sea
1b1c15f6-0963-4897-bdb6-e13579c20667,C5nE-1bGfbE,Aegean-sea
4707b456-08ed-4bb1-9e4c-cb107ab10eb1,Lv_mEWJdS-4,Aegean-sea
6ed70a06-a923-42b7-a346-05dc29152be5,pimMJ4WfwXM,Aegean-sea
0debbc98-3803-4108-892d-37612698f272,iKwCOtlDhq4,Aegean-sea
010983fd-852b-479d-8420-2d7ad20edc9f,l_cziWxyCWw,Aegean-sea
ea7f9517-e7a3-479c-b45a-cb452e07b4f1,PyMvFNrKtW0,Aegean-sea
aba77154-bd06-4073-bc4f-726bd4eae91a,palZeyY1Lxs,Aegean-sea
213fa8f5-0bb3-4e29-a5a5-dd6b2cfa22d7,9NSmwCoIjgY,Aegean-sea
74905a7a-c2d1-4a6e-a890-ec52e7f58ca3,vIzQSZIU_f0,Aegean-sea
31d58c08-52e1-4c9e-9c74-b95779922e4a,bL6DQWMIIIE,Aegean-sea
f97ab8ed-489d-4f04-923b-a8a66b207aab,dBolwOrkI5A,Aegean-sea
3053081a-4546-41fb-818b-0b83a51c4d74,0FdZbh0-c4s,Aegean-sea
ce5fad2d-4526-40da-a4e3-f86f754720fa,NGFX-wzFPsU,Aegean-sea
c149a07a-87c2-4a84-8f07-d43b8145f436,G940SGe3Hsc,Aegean-sea
34796417-95a2-4430-8494-649927d7c8a7,6VlaH5MXq7Q,Aegean-sea
6a0da0e4-48d4-4317-a51a-9392d3bd0f4d,ON2WBb4aPLk,Aegean-sea
7a544077-9695-4fac-9592-a00d0225fc75,QKNYxrAyOIg,Aegean-sea
3a9175fc-d393-4d80-b477-5579adf04be6,gUkF406fSxU,Aegean-sea
5f1ef39f-63e5-43a3-98b4-34c730d6c50a,2dYrvzj_n3I,Aegean-sea
16f1952f-fa66-4a06-8258-533faa336744,4akA0ZM17pw,Aegean-sea
68f9e804-ffed-45ef-8b88-0bc03b65b46d,oEi-xbr3_ak,Aegean-sea
caaaeded-b0e3-44ba-85f3-3afa1a94576b,hgWd4kiqVRA,Aegean-sea
03596928-082b-41e6-8a8c-036af718a02d,M11VYv5Kavk,Aegean-sea
db64db41-6d00-40dc-8913-cc7bdeb61137,Tuzvmi9LCnw,Aegean-sea
38b0b8ec-2034-4d7b-88b4-c0cf3e95dcfd,VXbeudwvX1g,Aegean-sea
4d6d4a61-8cfd-4455-b471-065d58a12cf6,M_MqUKx_lpo,Aegean-sea
50b6c7d3-0e3a-4e28-b1d2-03a8bbad44ed,0HwKYHP-kTg,Aegean-sea
be409874-a198-415d-a941-126956b9cfa4,Mg1k5yrxPK8,Aegean-sea
4fec35f6-158e-4676-961c-498eecf7b341,zNCbDJ8Ulp4,Aegean-sea
e455f9bb-06b5-4a72-ab11-cb81d0d8bf3d,BVPiZO94Fm4,Aegean-sea
60d92e8a-af13-43ef-8bd2-63296fcca587,PsrilSC7Ck4,Aegean-sea
886c9e4c-236d-4a73-9510-989d2283cdc5,CtLH5QaQ-A8,Aegean-sea
16216346-e0ed-4732-abdb-09592f19f725,jakS56lMriU,Aegean-sea
281643a8-c851-4515-bb96-dc7875e70351,HuuqEHI10pI,Aegean-sea
3d579b9d-8473-4a30-941a-a9f21a1c7d58,IFBrv5PQCIY,Aegean-sea
e2200419-f235-4531-8e7f-4452af5c4f13,_TL_53Q6yi0,Aegean-sea
6b5577ad-3ca0-41dc-b176-928bfe5aa0b0,adXF-TE1pfw,Aegean-sea
7f4bcb4c-99dc-42ac-94e1-2ba6d3c56d8a,YC6UdmjOpew,Aegean-sea
7d41af0b-33b7-43a4-b012-dc50a230bd94,OMEAZeQTkd4,Aegean-sea
3511763e-5204-43fc-9ca0-3c0d3a1795c5,lmeVOoBHePQ,Aegean-sea
2f18a1f8-af1b-4f58-b0e6-cfcc559e75cc,FzMznTiVElQ,Aegean-sea
20f39529-a5bb-492c-8d00-3dab588aeff0,Dy1codGk_9A,Aegean-sea
92847134-04b1-4094-8443-738776d9c948,doPSfVuDT7E,Aegean-sea
7d220026-8852-4717-aa36-d5bb4fff8b21,cAfnxbafxSk,Aegean-sea
b2600c60-a917-4214-9d19-4a3ae9ec35be,0-GDn4Qm-GA,Aegean-sea
f3cf206e-1ce9-4d2d-9755-bc5934a0e7eb,gIOC90AHMd8,Aegean-sea
4ebde744-b446-4188-a3f0-708ffbd3e37d,Q1Ouv0poAEs,Aegean-sea
7391d9ee-f8b8-47c7-b323-c24102a4930e,ab2suCCG6b0,Aegean-sea
23151dfb-02c9-4a87-8380-839c70c869f7,Bt9f18Hpgrs,Aegean-sea
20d5545a-1c74-4687-81a3-c11a733b709f,k8UneMzW_ZM,Aegean-sea
68216a2c-9a74-4274-8c5a-0cf0842eb85d,tBOl1q3RdSg,Aegean-sea
242b180b-845e-44bd-ad4c-0acb435e846f,hSqhpJvWH0w,Aegean-sea
8158d01a-1049-4c9d-ac58-f844bcd389a1,6q6W90N50jk,Aegean-sea
77ca8ec5-67ef-4853-9187-331d558aeae5,tMbVWdmHmLA,Aegean-sea
830c978d-c0b7-41bc-9f70-47a1546b9200,U1b9xQyjEYI,Aegean-sea
03295c8f-b496-4671-80c3-8f2832bd4cc2,8jMz58m-0mA,Aegean-sea
79da9d5c-9c5f-40cc-9260-1ed7823f82dc,RlOUblPUkco,Aegean-sea
9fd7d3b0-e890-4170-809f-81e915d17a90,I10iHz_7v0o,Aegean-sea
d6174c86-13c5-4b29-bb3e-625209ef0d43,MeUxg0YlpRo,Aegean-sea
ffc88659-df4d-436c-bcb6-3353a380fe75,XKRxnh_Oxcw,Aegean-sea
c5e456ae-a361-4e8c-a003-158cc0881b66,XKRxnh_Oxcw,Aegean-sea
53f73b39-4c81-40d6-8c89-b142d05208bd,E6iEDPWYxi4,Aegean-sea
7ba7807b-3644-4684-a0d1-8c46ad027eb1,wqKZAL5AyIc,Aegean-sea
aa5a1434-ddab-4136-94b4-c6cdd1239850,raQRZwR-8cQ,Aegean-sea
ba075e1c-a99b-4d2a-94c4-b1ec2a3c3052,9nSLmzTx-rA,Aegean-sea
da83d650-da1f-4505-9b9a-a54734833c50,6p0w00qWaZY,Aegean-sea
acc3d47a-2b90-4865-95fe-11ca2b6f94b0,WZj3lps-Gk8,Aegean-sea
17ee4d17-9628-4d99-ab03-fbb6ab5c19de,Yi_eDuIE07U,Aegean-sea
f378a631-7970-451d-a9cc-8da4dd13851e,VS1I6nkT6Is,Aegean-sea
b3813360-2604-4706-babe-bb22b79ed44b,Pn1kCheWeYo,Aegean-sea
ab5b4585-8b9d-4395-afc6-3cc2a5d57232,y1L30zVmO70,Aegean-sea
9b4f9a8e-e403-4290-971f-c447be2345b1,aNUBuDPAk_I,Aegean-sea
0282f291-7571-4d31-bc9d-b3e630a2ebd4,oi9Wqfz3EIk,Aegean-sea
008340e8-e2e3-4257-8a31-6dd107f35963,5YEKsc149WM,Aegean-sea
0767e030-c3ea-45bd-b2f6-94cd3480bd3a,_ZQcOgvq4XM,Aegean-sea
ff755cb6-a1c8-4cd0-af47-9c794eb8e2d4,54X7YK1tA4s,Aegean-sea
4e2ba4d5-f6c2-4df3-90f4-835901d752a7,UaXEmWry_GA,Aegean-sea
5b94ab27-20fe-422a-9b12-5103c06944d1,4KKzxTF9BhA,Aegean-sea
b56332fc-07d3-43ae-bdb8-4039dc238b34,THTu09jOgmk,Aegean-sea
ebff3d00-bcc3-48c4-8b0f-6c61fec1c2db,4ELZq7ljT1A,Aegean-sea
964bd378-916a-46bc-89eb-475a51abeb79,YL1tqYOOBzQ,Asia-minor
31cc83c5-8805-4425-a0fa-32b9071d8ca9,HxkVa9Kt6Jw,Asia-minor
dd6d4324-5298-49d6-82a7-f87e6a1a5cb5,TYrhSSC2Ex8,Asia-minor
1e45540c-c80d-4fe0-a4d8-5c0fb679e296,Ir2tKjUlmrc,Asia-minor
315a0db5-88e6-481d-a0ee-125ea077600e,RFpmOeqoSGI,Asia-minor
f6200618-c2dc-4fcb-b4ab-a5d6ae0b79d0,ynyj8WtGgqo,Asia-minor
0b4b49b5-a510-460e-b109-afd9003f5e1d,8oyn_EdCQFI,Asia-minor
9251ef41-a575-436c-b881-17821ade6965,9p61FZsyt4I,Asia-minor
cc930ce4-6899-47c8-a920-5afae69cf249,UrmP2bfLkoY,Asia-minor
41904ddb-c56b-4d8b-a603-cc84d29862a0,oyuJ75ssqhs,Asia-minor
8201fabe-6925-40ef-9dab-c691abb7a5a5,tudFVNSXssU,Asia-minor
47d56100-fc06-4051-a88b-154e9d5a8165,dPPw8p2pUs8,Asia-minor
fb2e3427-7fd5-4c0d-8733-9813b38ab6e8,4VhGY7Mzo-0,Asia-minor
cd845593-f4e2-4a8e-8aab-84980a6f400e,ObuTythXNcE,Asia-minor
2dc5b9ac-7184-4d40-b4e5-09f0e727d837,pR3qVTgpzcY,Asia-minor
37cc7354-c1bc-4091-ad20-4c1da19d9f74,297AQb1sCic,Asia-minor
d33c5a8a-38c6-4ba2-8535-796c014dc74b,DYYvIhhiX3s,Asia-minor
4b121cf4-60cd-484c-9c38-c708738eea40,ORFu8SLZetk,Asia-minor
f26a0b1d-5338-415a-a174-45851c085d12,Y10lyb9ROdw,Asia-minor
31a5abd2-df0d-4a51-a5ea-fad9a41857a8,0kAP2kRtoEI,Asia-minor
49627207-bf2b-4b22-a2d2-297d30e0c1bc,WdIETk4T0IU,Asia-minor
002fe756-a9b5-46e4-afd4-a0d71971e7f0,auvVrMaE6FA,Asia-minor
6d05be4a-7182-4d4f-b6a7-da997819dc0f,SSPbRo3jBSU,Asia-minor
d4842284-eb53-4b4f-91c0-34d9870b67bd,TXcAfh6UnD8,Asia-minor
0797888f-f188-4e6b-a53d-5f6cd2033990,O7oP8tYKXKk,Asia-minor
b9c19a6e-3ecc-4bec-983e-87b228608799,8Eo3AW6Howw,Asia-minor
a933efc6-3561-464c-b5f7-87bb2c91cca2,_EByAMaupi0,Asia-minor
060a0b13-703b-4008-9a5a-f06f392cd13b,wwWJrwTKRIg,Asia-minor
6aaad7a6-9a52-448f-8f96-fb7bc4a03e08,FVihBoFajOo,Asia-minor
b228173f-45dc-460d-8bd8-75a294297bd1,sVUrd47qxD0,Asia-minor
af731af9-ea02-4c5f-af34-22fcecc483fb,pLjdCCKb-hY,Asia-minor
4e11696c-44eb-4c35-bb78-186197fec7b3,AYo4Ccftfgo,Asia-minor
fe839a39-4d1d-4117-8f85-dee3eec1dd12,UADltlpgIEk,Central-Greece
44bad099-2379-4a16-852d-3b9aba316fef,jxOPtmPFIZs,Central-Greece
8fc0a5fb-cfc6-4f2b-aaf3-0b02e13e3151,QQCzk45dI9A,Central-Greece
0d89d985-2e74-4f32-b032-30ef3aa4c1c1,OEWpBmkYShY,Central-Greece
3853a3f0-4ea0-4568-a8eb-4ab7024bcde3,_ExDR2ipcnc,Central-Greece
e503c13c-0666-4267-9161-9178cec0b92f,-uarLR02BCE,Central-Greece
a816008d-c99e-43f1-a649-7f907b80b9a6,4ev2up3J580,Central-Greece
c9de9d7f-0bd1-4673-93a4-29b10ffb2d39,nGwDz-8YAuQ,Central-Greece
8cda0902-d552-4bea-8f8b-2e43bf0fb33e,zgOlnVmS1bc,Central-Greece
6e7a7071-c30a-405e-a17f-569de0b0861f,KtWLiL7WQbE,Central-Greece
de5a789a-41bb-45c4-b8f0-91bff651a993,FUmo2PxD2yU,Central-Greece
20ef8d0e-6809-456e-bf41-a20e0a149a9d,q6yeo1IV5Qw,Central-Greece
390b0084-2390-4009-ba09-8bdc60a595c2,ZK3kABWYOM8,Central-Greece
429b01b1-39f7-45e1-b3e1-da646a8d5a2d,saxWI12cD08,Central-Greece
54006fcd-ae55-4e2b-b0a9-918da9fc6946,wU37ojuUBfU,Central-Greece
eab515d0-b10e-4804-adfa-7fb1e3ccd8f9,-APv08ZlSso,Central-Greece
915c7728-94bd-4635-bede-357864ea3cc2,OIqVQMxdutI,Crete
6e704196-5c1b-45db-8747-fbeeab091241,j1sAzpuGyq0,Crete
9f36851f-f549-4a7e-bb90-2cf9a791193b,G5DQWqmbW5c,Crete
27b68af3-e2f5-4cf3-81cd-860b5c6d78f8,ZAU-8VnwRYs,Crete
d587e9b3-b53e-4c83-b6d3-bb01075be399,UHqYv5KQf9Y,Crete
2493848f-2ff2-4988-bfc3-303bd50362d6,vVT4mCYlg7s,Crete
afdda62a-adfe-409c-9b2e-899d4bc37fce,7Ei8A_IVPD4,Crete
b9d7f20c-ed21-4b97-93fb-17979709b3c0,50uO-nrWO_I,Crete
9c2cbd23-b311-401a-962a-ae17c730fec3,I7xkcZytUec,Crete
891fae18-b280-47f0-8ca2-cdfaa11559c2,yB5zQydR5UI,Crete
9f054843-4492-493a-bac6-4c831bc31bf6,4xAHo3RuCM0,Crete
05e76da1-3668-4755-ab1c-0538a945b0d9,UVmMK1Z-kIE,Crete
373da988-60e4-4261-8ac2-ea1133b486b3,Bvd-oMDGN5s,Crete
65c1287c-53e4-42e7-aa99-a57dea68f430,fIhdQprkMLQ,Crete
db1d16e8-a4d1-4da2-a163-e7644ad55dac,GV5abX28FeQ,Crete
0dcbfce8-ba31-450e-87c9-e4a175112fe0,rBAtWOD4VYE,Crete
ee25bebd-dc78-4886-94b9-1c01facad435,Bmx7QYXZ_10,Crete
388ffd78-418d-4d78-a0ea-7ff1e710e6ed,JOwLHeesmfk,Crete
49beb5a0-34cd-4b23-a60f-f9bf8b4bd91c,i07obXBHe3s,Crete
5d90426a-4aad-43da-9a7b-500b7809f369,co1_Z02eiDk,Crete
d8476a5d-78f6-4317-a46b-f650e4330ebd,whs7lCVtAb4,Cyprus
ba20e1c8-e107-482c-b209-3949e79b55a9,IaTZHDX2Vuc,Cyprus
55a09ac4-9a5b-468a-a380-e6f03ffb2a89,f0tJPY8UJxU,Cyprus
0a3b9d66-dfd8-496b-b2b0-8118d81768dd,fhgBxpQjoFc,Cyprus
9b0d53ca-b60c-424b-9fd5-8f3013802aa9,KHa8pnIJJQI,Cyprus
a0f5ce65-20d2-41a0-a659-682152e8311e,NaLcdBfunzg,Cyprus
df479b5b-87fc-42e7-9214-3f541b89271d,kAUfxL2QRuM,Cyprus
14407b98-eeef-4395-a2d9-1a76e52c861a,ycMNsIU_xeI,Epirus
29d25b62-7042-407a-86e7-193ff2caaffc,24-X2xUgsJo,Epirus
e8156717-e887-45e1-b8e9-958f4e6e4892,RdPuvo8y68M,Epirus
31c6a9f4-40a3-41c2-a1c8-3d866a80b0a0,XYF8hWTbuZE,Epirus
6760f4b9-1b77-439c-a420-54da59b293f0,ewDmWzsqZTw,Epirus
f275681f-aa07-414c-94aa-a2348ce49f8d,blfyVbTFKbQ,Epirus
37df62fe-d901-47cf-b4b6-a8535ce88847,CjQWio5E-wE,Epirus
72b84284-bd24-4d3d-b05b-ef99ade13db4,0jSUANx4pJU,Epirus
ba66cfaa-4569-46ea-af7f-2b6a8c1cf32c,Jivhl9jtro0,Epirus
80a71269-5d8c-4b8e-aa77-8ab949a8bc34,m-rxtlPwDaI,Epirus
6607638a-8efa-4f2b-a19a-abe47e78463f,5ywB2kUQgP0,Epirus
6b1804ae-2c2a-44fd-93f9-62e82e461174,AAy9Ww1LatA,Epirus
9fc6f997-6660-4fc1-a90e-82ecc670a878,L-NL3isYRBI,Epirus
e00f2df3-44fe-455a-be46-927c386405b3,5NFSdprZreI,Epirus
4b46b89a-fbfa-4030-aeff-6a2130868a29,VRC-6BjqoK8,Epirus
6b633eff-7aa4-4171-a7de-3b33c37f8c92,Jkt5CeBQwNM,Epirus
2c619209-0456-47b3-88e6-0325e1225018,Jkt5CeBQwNM,Epirus
15e1c05d-5604-4b9a-a0c5-aab8f9f18371,jWdSILaYhsA,Epirus
89ac3d89-396a-451f-91af-98346c03b9ec,Lzbh5lSXCoA,Epirus
eac5f175-58e5-4517-b562-4201e2e6db21,3cbGHSXQVdY,Epirus
b32537a1-6bac-46f4-bd67-319abe7753b7,soBgn-NCrsA,Epirus
288a6228-87ab-4aab-b79d-66ea5cac59b7,-ou2fZJelHc,Epirus
c01894ae-cb46-4157-b855-f686f3e9a406,XzV5UBcsnpU,Epirus
0b07641f-e144-45de-a83b-58b1ec736d54,WhiejHzCbQ0,Epirus
0b20b24d-75a1-4b3f-b9ae-e7528528c681,ynnwYZLQeoM,Epirus
cae8c2bc-8c7e-4e16-aabd-52731883bab4,asl8UhHPeKQ,Epirus
84e795b0-3ffb-468f-8f17-ca6922ca2e45,-YOteshg_Y8,Epirus
2ebbf340-cc25-4c1e-99b0-444722b8724f,kG3gWVTy5Es,Epirus
7066b1da-f302-4e62-a9c8-69601d272809,p6qy3NWrK40,Epirus
e1d8da30-112f-4a6d-8114-93433c08240a,A0l6w23xvRQ,Epirus
519cb8f9-1812-4416-9253-d545eb655f13,B2DyY6TPm84,Epirus
56ddd926-d2d9-4afd-afaf-5d592590c6d1,SQQgaZEfQJU,Epirus
56d660f3-c377-4cc9-a157-fd3efa8d92eb,N8HzQhRpe4U,Epirus
d29875b0-3827-4783-860d-6f3cf61fc8c6,oWRoD8XR6A8,Epirus
728c8b9b-0082-426e-9fac-70b3fe955d63,smCEMa0vEtY,Epirus
fdc262eb-b42c-4335-9b92-445ce55d7878,wLlm33vLM-U,Epirus
08c8474a-1c41-4006-ab62-09d712c0c1fc,ihRVj9amn3g,Epirus
5ced77d1-bac2-4a9a-8a98-3351f6450524,FUGszbj2d7M,Epirus
ebcdf743-3acf-4099-b210-cc18fd1dc0d2,2R8icqGW7OE,Epirus
4d99d390-1000-4d32-a531-9bf8be125b68,akwGOrBgdV8,Epirus
3f733a3e-df09-4480-99b0-8664038b89d9,K-lMTjofrjQ,Epirus
b98905db-a1c6-402e-9e0c-d07d6d53cd52,vR8B6SEy2fA,Epirus
b5e74378-ae0f-45ef-a055-0a58cc36ab14,HHZC1MOz7uc,Epirus
610d9f5d-611f-4ec7-b17f-5b3806e9d984,ksIrAdySIIQ,Epirus
973688f4-c190-4a85-b389-3e3c2dcb022d,_HYCk1JCYVU,Epirus
a1999130-4dab-46c2-aa62-839ec7459088,hPvTiHRsVDg,Epirus
5ab28d7f-6748-4e3b-94a9-6d9b6bb6e917,tU-Q9BdMJGY,Epirus
c9c7fa64-92d7-4b04-ac06-1ed73e301d81,g101uR0h5L0,Epirus
41797392-29f2-4d97-9a49-b185db417ee7,-sxdj3piLyQ,Epirus
4d7a43d1-e416-4c52-8d2f-bcb740934fc5,FAX5yan6kvo,Epirus
3c275945-dd43-4e8e-ab25-557d0b88cc30,_LQyHfbcHKI,Epirus
9fe7583b-b401-4c5a-b3d2-c8992c6c0dfc,BDeunuyMNx4,Epirus
37309a31-bbb5-4989-a20d-2e27db89d149,20IB14AnIAo,Epirus
c0e3ab74-840f-41ab-b037-0da8cd3facd5,5NfrZKk2S5k,Epirus
777976d0-32ca-489b-9d7f-003e2b690e7d,8SBrtGp0KBE,Epirus
f1f501a9-9023-4e4b-aa90-22b92b1c76ff,WFHu3n50OWs,Epirus
cf8f9dce-78d6-48e6-9af3-125041e99e71,7qITrE1SmyQ,Epirus
a8a80686-b330-4321-9ca2-5fd141bfc066,6whBJ8qQCk8,Epirus
8ea8b373-a503-4ff1-a646-611c00d5a9c2,MKsRqAnJkQ8,Epirus
4555911e-729a-4faa-b31a-3ec7c0fd98dd,bgqQg0tRwDU,Epirus
e118fc43-67c3-4856-ad56-306a299e20bd,BCD8MhBWxZM,Epirus
375ca8c8-9dae-46d9-b142-fd1f98edafd5,HHZC1MOz7uc,Epirus
6995ab5d-6bda-4826-a7ac-70d3750ce10a,_tpiySqNWC4,Epirus
f3ad49a2-b0a0-4adb-974b-9748ed43c266,562OwXu_yug,Epirus
682abb64-6f22-4afa-a9fe-cf005ca4e8a0,nxeeRj3hmiQ,Epirus
6426c91d-c7d8-4b39-a2b5-f5700ba8a13f,m5USetxaSN0,Epirus
bdeefe78-e169-4503-adcc-10fe2ab7584d,DpeuAlSiRs0,Epirus
14e75b70-5446-442d-8bb2-910f47aba250,rYNuSFxG1no,Euboea
90263830-8b8c-43a3-b829-4ca48ea754a5,25ivqt0QDqg,Euboea
fe93c9bc-7c2b-4575-9a30-86ce4342ea34,bPBRN1L89Vc,Euboea
3d175d0e-84ac-47e1-98ef-e20047f26545,xXUQjgwJ89U,Euboea
018a348e-c473-4ffc-8e22-1e6316d5d4f7,WCII7hvbkWk,Euboea
bc17c98f-a6ae-4268-b06f-256621a7c55c,LTKRwR_Yj3k,Euboea
215fc558-8a55-42ad-b2bc-c48955cd844a,5T5cPE9mpNY,Euboea
6404b994-4da6-4a10-8c0b-599408ffb15e,o-jeU1KhpEI,Euboea
322aba11-9d2e-4337-9f54-656ab015d242,l-j56KQcpRY,Ionian-sea
1f346ad6-6c08-438c-96d2-dc4762a7ab21,4YmONaw7NNA,Ionian-sea
3a048890-6ce5-4bdb-9f11-fcc0e9574e69,0M-IIaVtIok,Ionian-sea
1b8db86d-6084-4236-8adb-87fc35fdb2f2,JHxGc_4DPEQ,Ionian-sea
1aaf64ca-2f71-4d51-9e9a-3a3b46573d6d,1m_4S2i-Kmw,Ionian-sea
5cb51bc6-a8e6-4567-9c94-cdaf4f06c4c5,Z38nR7Nq_aM,Ionian-sea
b805eb9b-b2c1-4f76-aeba-d4cdf92e99c5,nuKWoH-MiRk,Ionian-sea
a552b219-dea3-451b-a804-bcb85a1b42a0,w2jfsBwB5YA,Ionian-sea
a00cdf9f-00cf-49df-b7bb-c11d0b9dd199,ouNc-1HAW-M,Ionian-sea
e8f469ef-ecc8-40db-a12e-6dd8d2fde174,ODO46kxoups,Ionian-sea
0dfafbcb-c47a-4870-b09b-25f7f17a2891,UnqccC_cxhY,Ionian-sea
1309d3e6-cc4a-42ba-bac0-a859a16eb21a,7-fE14tydUQ,Ionian-sea
1eb52f98-ef8d-4e1e-88f6-59b1aedd0480,O2SrBIENJJA,Ionian-sea
83718840-5f52-4d49-bf65-dec2291c9e68,cRPGONe0Ffo,Ionian-sea
06eac250-95ff-44ea-b0bd-458efd7631b3,2xm4U4vx-DI,Ionian-sea
932f5e60-0acd-4c95-9638-c08d88cf1158,TUBBuxTb13Y,Ionian-sea
c5860c65-e4c4-49be-8443-f03333a0f808,-QLidgacssI,Ionian-sea
b6513026-d158-4fd6-952e-2e52e20cac3b,IZPCayWMkHM,Ionian-sea
5540e9ec-1604-4729-bf58-a12d3a22b17d,LnNaotGiaIU,Ionian-sea
15cd34d6-4caa-4bf5-b6ec-996fd4c7d613,SwLq_fIlw0w,Ionian-sea
ea7b56cd-44bc-4ffd-9a47-4ec871e991c0,A3ztuHHoCWo,Ionian-sea
83891cf0-594c-4fcd-ba5a-4550a2bd6236,A3ztuHHoCWo,Ionian-sea
8b205e75-e8b7-43d6-9c94-d3ce0f62238c,mnWLB_ASM6U,Ionian-sea
3c3e91c5-ab7b-44ee-b77e-eee43953a3a0,xu9TlrTEQa8,Ionian-sea
d0b73679-5a81-4352-a8e1-46b2ec7c9eea,3xd6glYhhAY,Ionian-sea
b5766d01-c8de-4e59-9209-cc37f0124fa6,s5HpHvUBKIw,Kythira
e6533011-8643-48fa-b215-12c666f55695,kWLPPAWJsLE,Kythira
b6be30a5-6978-40a4-8652-16cb63c0c719,x5wKDJzOjhs,Kythira
f7a7c828-f754-49b8-8472-078354bb1dd4,S8Ws9bW9tJk,Kythira
ba32524c-15db-4757-b981-ca39789ef3c2,jVrf-XS1Iqo,Kythira
21b2ac98-6ffc-404f-a6c3-3e67dd76862e,klptDc6YseY,Macedonia
5ac6d21c-cf26-41c9-84b0-961b33e0190c,kbrjpUJOi4w,Macedonia
a5efa207-3371-4a51-baab-84e865355664,MwuBRVmJKIE,Macedonia
e826b8ee-c9af-4427-8e98-5be2570735cd,Jd43hyYnG2A,Macedonia
30569d75-5f30-4a79-b9ca-9fe1bad0ef93,iRxiSgpNi0k,Macedonia
e728231f-8641-465e-be06-fa51d3869e3f,EdLxqyuzeEs,Macedonia
76252e30-f8d3-4c7b-89b3-c1cd0be67028,DHwDihqrl9c,Macedonia
93237a98-1c18-4092-a381-fd86ef3b4c56,PQtsIqj5Ihg,Macedonia
c621b714-a36a-4297-8aa5-cea6f884f011,hq1Nz7tG9zA,Macedonia
ac85402f-2558-463a-979f-6fbdfbebc527,7iw6G2fegQA,Macedonia
094eaa07-b7bb-4ea6-894a-c8292aca0e8a,ptPTaIsV2mk,Macedonia
060c020c-a89a-4320-9d03-56eab3aff900,fibxq5jIrIc,Macedonia
c4551710-6466-4687-a086-f628fc03eecf,3QnaolG_65o,Macedonia
57606eec-a36d-4b33-9982-03ca67b160dd,SwiTbfy4q4k,Macedonia
b322ba9d-62b6-41fd-9243-fdb2249352b8,luR9PSdBK3o,Macedonia
dffb6d9b-f57b-42b4-809c-5e708702b9ed,a818XpHkQoQ,Macedonia
345f2298-7eee-4c0b-82af-624f53c78869,R_meSbYsOno,Macedonia
f2bc4f85-d35e-401d-a8a9-8b2d35d22839,2_kgJF2SUOo,Macedonia
a547b7da-d003-471b-88e0-4ed95b9bef32,TSQvr1zQnIY,Macedonia
1c5ada71-8d6a-4e3b-a1bf-15263f2e1ff4,C-bvViGLZxY,Macedonia
fba3f200-b027-4fc6-a1bf-de5a59b18e7b,52UFiux48D8,Macedonia
c7ca612c-177e-4d44-b2d8-dbc5adb4965c,-6WR0Ms13qA,Macedonia
45bad00f-5adf-4db5-92bc-b9255ecdb741,YW6SnVcLDCc,Macedonia
fc97b46a-0ab8-462a-9f9a-4cd16f8bba46,IpkUNoegCDc,Macedonia
0bc58dff-ab1f-485c-9d12-b3d48fd119d7,siiG_tzkblQ,Macedonia
56b9f422-eaec-4c37-b5be-60a9fdf3a676,HF9vSFLihLc,Macedonia
fccba15e-cadc-46d3-a968-706cf7c503f5,hmd6w-EPoJg,Macedonia
36248542-6863-4dd3-9f02-bb6167887e94,Jm32kQjDuEg,Macedonia
f839990f-5882-4229-9d19-dacfaf304ab1,ZJLbnOxAyOY,Macedonia
57bad7ab-d525-4cf3-b29b-f73484e4c365,OW0J28Z2UN8,Macedonia
5f7ae002-0356-442c-b89b-e34defbce4cf,L6UmuKj99_E,Macedonia
35fa3afd-da8e-47de-96c4-50a25ffbeeca,3mDb0Y3z7ds,Macedonia
232a5a52-3764-43d3-81b3-9139e018bef5,EllEeHYHZkc,Macedonia
ea01a181-e18b-4211-829d-48d136c75f9b,581s5h_AyVI,Macedonia
b28ea468-d249-4cd0-bfc9-95e8770547f2,MpiYIl6wktY,Macedonia
220c04d6-73e1-4c62-8261-510393800c2d,_gEQSzddhtc,Macedonia
15df737f-6fd4-4f8e-9751-086ae6a785ad,sp1mnkEjU7A,Macedonia
67b31416-2fa9-45df-bad4-480df6b05624,HgG2Ej7HD2s,Macedonia
6497a3c5-2143-4700-af4d-cc851ad93d2a,1YwvnVCe4bM,Macedonia
029e5c8a-b552-4264-bc14-906ae4775484,GebGktCuNzA,Macedonia
fd81267f-44ce-4879-9071-1e849da3dd20,gLKe9vBQXRY,Macedonia
dad2da3c-9dcf-4bc9-8a38-e78c5587cf07,H2SbrSEmug4,Macedonia
bf189d91-12e3-40a5-9873-184ef865fbe8,rEHvAbWYtIc,Macedonia
91dc69f2-901b-4b3a-982e-2fb19350eac1,UjbcTN2eDUc,Macedonia
bc98653a-973f-445a-8648-bcbd936842a5,dlN3vQYh3Lc,Peloponnese
9c86323b-0c45-4312-8a93-5ec6bb3fb025,L68tJlodJAo,Peloponnese
af228256-88f5-4c17-b5aa-c686de592a9b,3dSA_JpnP40,Peloponnese
3aace7cb-de7f-452d-868f-63df126fa979,7VNfO0dN4gU,Peloponnese
78ddea4f-874e-41eb-88c0-964d033f670f,gFkdSXKzltk,Peloponnese
d67771c7-26b5-4f3a-99f0-4b0c5ec46b57,kItIYJRn03w,Peloponnese
1eda2a3a-845e-42ff-9a6f-82c6266f8a85,hy0lJzTqBHc,Peloponnese
df127efb-280f-4fe0-841f-39c823cfa4ec,5t-1dq-pER8,Peloponnese
dce11605-00fc-4c9c-9633-ea459ff1a420,BdQudGwa7EQ,Peloponnese
2fe9243c-2986-4411-a132-7c3265290419,y6VoKDxxl3A,Peloponnese
6aaa27ef-a540-4fa1-a675-ee6cd8909c2b,vKxmEFkZwOo,Peloponnese
c682528b-f30e-4d9c-ab6a-7e3f867f3f99,KI_dW24Q58A,Peloponnese
af803ed2-ba42-4af7-a5c1-82229a128871,9Kh24mXqJPk,Peloponnese
11a8ebb8-5d38-4dc3-89f9-bf05094dbbcf,6IONkrtW_WU,Pontus
ee03999f-8e30-4fdd-8b52-0a20114dac20,IhtBTr0Ip1k,Pontus
cba357d5-223e-4a65-901d-bc51580c8abf,xR0CfEYWHfE,Pontus
b995e77f-4531-4837-9578-9ac762bebe9a,w_JT_jW1P30,Pontus
67407c3c-cff8-4302-977f-2b71857d9acd,tPceDEbdq0w,Pontus
b4f30cbf-9e60-4df9-934e-090f2f1c82a4,5Q-1M2x08Ow,Pontus
ee9cb257-8549-4cb8-907d-633d480f17d6,AJ4Oyhg3KxA,Pontus
1a955d84-1daa-450b-8b2f-6d22d94fe662,SXzqPY9gI3s,Pontus
19653915-9ee9-4728-bb4d-13141c6c1dfa,PNO8gJPbOtc,Pontus
a2c7c0af-a81e-450e-8e19-5f448867633a,9mqx7EqB-PM,Pontus
7d346a21-5bfc-4962-91f6-aa4d4a7054de,tu-2X8DSFUk,Thessaly
cc2ac4ec-5ab2-4f47-8095-c1053123c2c2,0KlzurPGkvc,Thessaly
9ae1775e-a671-4d09-8273-4774e230fca6,WuDD7pn7wZo,Thessaly
b734efb1-f582-4c2d-be82-99ade07cc049,JqOUwGhV1SU,Thessaly
27b23a7f-dc0e-4b87-9860-e01689c7a705,d1X4DgR2zok,Thessaly
c5ed8240-c2ab-4ad9-ae74-7e523f0cfa57,etU9eqQJweg,Thrace
d778b9ae-fbc6-48a9-9202-36246db465d4,YlNYVv3jTOU,Thrace
e96a1567-e21f-43a6-b72d-fedc177769de,w-E4vmlTMeo,Thrace
5223e121-3b83-46bd-9203-ffd20ad13d1a,hGIbKVxAh34,Thrace
0d98e615-e5a2-43fe-860f-9919a36cffd7,6lBGH9oebI4,Thrace
035a1a1b-9e2a-474f-b1b6-19e0d617f136,i4X8wScj5Ng,Thrace
2f24d624-621f-4da7-bec6-e4182d70fa78,JO0oq-EDBTE,Thrace
8511f864-3de2-4ab9-811a-1cc1bb9847bc,NhGAK5WW654,Thrace
8dc559e9-2ba2-4819-8a00-bd99b5f01e9f,b7vLsV3tjUI,Thrace
